train/n_updates,time/fps,rollout/ep_rew_mean,train/critic_loss,time/total_timesteps,train/learning_rate,train/ent_coef,time/time_elapsed,rollout/ep_len_mean,train/actor_loss,train/ent_coef_loss,time/episodes
334,488,0.4296025,0.07618235051631927,10000,0.00075,0.7788561582565308,20,500.0,-11.903661727905273,-2.936509132385254,4
,488,0.4296025,,10000,,,20,500.0,,,8
,488,0.4296025,,10000,,,20,500.0,,,12
,488,0.4296025,,10000,,,20,500.0,,,16
,488,0.4296025,,10000,,,20,500.0,,,20
834,449,0.4125368750000001,1.3329126834869385,20000,0.00075,0.5352067351341248,44,500.0,-15.931833267211914,-7.349115371704102,24
,449,0.4125368750000001,,20000,,,44,500.0,,,28
,449,0.4125368750000001,,20000,,,44,500.0,,,32
,449,0.4125368750000001,,20000,,,44,500.0,,,36
,449,0.4125368750000001,,20000,,,44,500.0,,,40
1334,435,0.4297529166666667,0.03465397655963898,30000,0.00075,0.3678678274154663,68,500.0,-18.920364379882812,-11.811010360717773,44
,435,0.4297529166666667,,30000,,,68,500.0,,,48
,435,0.4297529166666667,,30000,,,68,500.0,,,52
,435,0.4297529166666667,,30000,,,68,500.0,,,56
,435,0.4297529166666667,,30000,,,68,500.0,,,60
1834,429,0.4488136625,0.04929805546998978,40000,0.00075,0.2528679072856903,93,500.0,-20.863332748413086,-16.221893310546875,64
,429,0.4488136625,,40000,,,93,500.0,,,68
,429,0.4488136625,,40000,,,93,500.0,,,72
,429,0.4488136625,,40000,,,93,500.0,,,76
,429,0.4488136625,,40000,,,93,500.0,,,80
2334,425,0.49583063000000005,3.053001880645752,50000,0.00075,0.17388089001178741,117,500.0,-21.471263885498047,-20.353313446044922,84
,425,0.49583063000000005,,50000,,,117,500.0,,,88
,425,0.49583063000000005,,50000,,,117,500.0,,,92
,425,0.49583063000000005,,50000,,,117,500.0,,,96
,425,0.49583063000000005,,50000,,,117,500.0,,,100
2834,423,0.51389913,0.045221470296382904,60000,0.00075,0.11973963677883148,141,500.0,-22.204395294189453,-24.703548431396484,104
,423,0.51389913,,60000,,,141,500.0,,,108
,423,0.51389913,,60000,,,141,500.0,,,112
,423,0.51389913,,60000,,,141,500.0,,,116
,422,0.51389913,,60000,,,141,500.0,,,120
3334,422,0.54896202,0.03091353550553322,70000,0.00075,0.08264461904764175,165,500.0,-22.247329711914062,-28.65180015563965,124
,422,0.54896202,,70000,,,165,500.0,,,128
,422,0.54896202,,70000,,,165,500.0,,,132
,422,0.54896202,,70000,,,165,500.0,,,136
,422,0.54896202,,70000,,,165,500.0,,,140
3834,419,0.8433211899999999,0.050035662949085236,80000,0.00075,0.05718154460191727,190,500.0,-22.333431243896484,-33.23163604736328,144
,419,0.8433211899999999,,80000,,,190,500.0,,,148
,419,0.8433211899999999,,80000,,,190,500.0,,,152
,419,0.8433211899999999,,80000,,,190,500.0,,,156
,419,0.8433211899999999,,80000,,,190,500.0,,,160
4334,418,1.1649288899999999,5.498155117034912,90000,0.00075,0.03981059789657593,214,500.0,-21.54175567626953,-36.058563232421875,164
,418,1.1649288899999999,,90000,,,214,500.0,,,168
,418,1.1649288899999999,,90000,,,214,500.0,,,172
,418,1.1649288899999999,,90000,,,214,500.0,,,176
,418,1.1649288899999999,,90000,,,214,500.0,,,180
4834,416,2.2733509300000003,0.1535857915878296,100000,0.00075,0.027966588735580444,239,500.0,-21.250865936279297,-39.63201904296875,184
,416,2.2733509300000003,,100000,,,239,500.0,,,188
,416,2.2733509300000003,,100000,,,239,500.0,,,192
,416,2.2733509300000003,,100000,,,239,500.0,,,196
,416,2.2733509300000003,,100000,,,239,500.0,,,200
5334,415,2.20532149,0.026834826916456223,110000,0.00075,0.01976550742983818,264,500.0,-20.77734375,-34.980072021484375,204
,415,2.20532149,,110000,,,264,500.0,,,208
,415,2.20532149,,110000,,,264,500.0,,,212
,415,2.20532149,,110000,,,264,500.0,,,216
,415,2.20532149,,110000,,,264,500.0,,,220
5834,414,2.3317084700000006,0.10345861315727234,120000,0.00075,0.014193367213010788,289,500.0,-20.289138793945312,-30.969755172729492,224
,414,2.3317084700000006,,120000,,,289,500.0,,,228
,414,2.3317084700000006,,120000,,,289,500.0,,,232
,414,2.3317084700000006,,120000,,,289,500.0,,,236
,414,2.3317084700000006,,120000,,,289,500.0,,,240
6334,412,4.674746789999999,4.435512542724609,130000,0.00075,0.010407427325844765,315,500.0,-19.18761444091797,-32.094154357910156,244
,412,4.674746789999999,,130000,,,315,500.0,,,248
,412,4.674746789999999,,130000,,,315,500.0,,,252
,412,4.674746789999999,,130000,,,315,500.0,,,256
,412,4.674746789999999,,130000,,,315,500.0,,,260
6834,410,4.96546474,0.033918850123882294,140000,0.00075,0.007967032492160797,340,500.0,-18.794618606567383,-30.40432357788086,264
,410,4.96546474,,140000,,,340,500.0,,,268
,410,4.96546474,,140000,,,340,500.0,,,272
,410,4.96546474,,140000,,,340,500.0,,,276
,410,4.96546474,,140000,,,340,500.0,,,280
7334,410,3.9978951099999995,0.04826074093580246,150000,0.00075,0.006273854058235884,365,500.0,-18.665542602539062,-26.668766021728516,284
,410,3.9978951099999995,,150000,,,365,500.0,,,288
,410,3.9978951099999995,,150000,,,365,500.0,,,292
,410,3.9978951099999995,,150000,,,365,500.0,,,296
,410,3.9978951099999995,,150000,,,365,500.0,,,300
7834,410,5.71084735,0.04188626632094383,160000,0.00075,0.005024581216275692,389,500.0,-18.342029571533203,-31.095369338989258,304
,410,5.71084735,,160000,,,389,500.0,,,308
,410,5.71084735,,160000,,,389,500.0,,,312
,410,5.71084735,,160000,,,389,500.0,,,316
,410,5.71084735,,160000,,,389,500.0,,,320
8334,410,6.695037209999999,0.05318354070186615,170000,0.00075,0.004239147063344717,414,500.0,-18.239604949951172,-14.786354064941406,324
,410,6.695037209999999,,170000,,,414,500.0,,,328
,410,6.695037209999999,,170000,,,414,500.0,,,332
,410,6.695037209999999,,170000,,,414,500.0,,,336
,410,6.695037209999999,,170000,,,414,500.0,,,340
8834,408,4.19277169,0.07608240842819214,180000,0.00075,0.0037267585285007954,440,500.0,-17.43728256225586,-9.737616539001465,344
,408,4.19277169,,180000,,,440,500.0,,,348
,408,4.19277169,,180000,,,440,500.0,,,352
,408,4.19277169,,180000,,,440,500.0,,,356
,408,4.19277169,,180000,,,440,500.0,,,360
9334,408,3.55924038,0.03146497160196304,190000,0.00075,0.003281753044575453,465,500.0,-17.0237979888916,0.8103104829788208,364
,408,3.55924038,,190000,,,465,500.0,,,368
,408,3.55924038,,190000,,,465,500.0,,,372
,408,3.55924038,,190000,,,465,500.0,,,376
,408,3.55924038,,190000,,,465,500.0,,,380
9834,407,3.4652024800000003,2.323138952255249,200000,0.00075,0.0031038036104291677,491,500.0,-16.519649505615234,-15.592436790466309,384
,407,3.4652024800000003,,200000,,,491,500.0,,,388
,407,3.4652024800000003,,200000,,,491,500.0,,,392
,407,3.4652024800000003,,200000,,,491,500.0,,,396
,407,3.4652024800000003,,200000,,,491,500.0,,,400
10334,407,4.96848632,0.03414066135883331,210000,0.00075,0.003019440220668912,515,500.0,-16.179527282714844,6.034319877624512,404
,407,4.96848632,,210000,,,515,500.0,,,408
,407,4.96848632,,210000,,,515,500.0,,,412
,407,4.96848632,,210000,,,515,500.0,,,416
,407,4.96848632,,210000,,,515,500.0,,,420
10834,406,13.074852689999998,0.0488237664103508,220000,0.00075,0.002906054025515914,540,500.0,-15.858682632446289,14.118152618408203,424
,406,13.074852689999998,,220000,,,540,500.0,,,428
,406,13.074852689999998,,220000,,,540,500.0,,,432
,406,13.074852689999998,,220000,,,540,500.0,,,436
,406,13.074852689999998,,220000,,,540,500.0,,,440
11334,406,18.479220270000003,0.03700992092490196,230000,0.00075,0.002772261155769229,565,500.0,-15.403114318847656,6.489712715148926,444
,406,18.479220270000003,,230000,,,565,500.0,,,448
,406,18.479220270000003,,230000,,,565,500.0,,,452
,406,18.479220270000003,,230000,,,565,500.0,,,456
,406,18.479220270000003,,230000,,,565,500.0,,,460
11834,406,21.21431261,0.035105325281620026,240000,0.00075,0.0029325638897717,590,500.0,-15.410357475280762,10.69074821472168,464
,406,21.21431261,,240000,,,590,500.0,,,468
,406,21.21431261,,240000,,,590,500.0,,,472
,406,21.21431261,,240000,,,590,500.0,,,476
,406,21.21431261,,240000,,,590,500.0,,,480
12334,406,21.826036000000002,0.06985044479370117,250000,0.00075,0.002984084887430072,614,500.0,-15.152970314025879,-7.152188301086426,484
,406,21.826036000000002,,250000,,,614,500.0,,,488
,406,21.826036000000002,,250000,,,614,500.0,,,492
,406,21.826036000000002,,250000,,,614,500.0,,,496
,406,21.826036000000002,,250000,,,614,500.0,,,500
12834,406,23.419814280000004,0.05391918867826462,260000,0.00075,0.0028803334571421146,639,500.0,-14.638240814208984,8.73000431060791,504
,406,23.419814280000004,,260000,,,639,500.0,,,508
,406,23.419814280000004,,260000,,,639,500.0,,,512
,406,23.419814280000004,,260000,,,639,500.0,,,516
,406,23.419814280000004,,260000,,,639,500.0,,,520
13334,406,15.453782660000003,0.04882638156414032,270000,0.00075,0.003119219094514847,664,500.0,-14.391043663024902,-0.8475062847137451,524
,406,15.453782660000003,,270000,,,664,500.0,,,528
,406,15.453782660000003,,270000,,,664,500.0,,,532
,406,15.453782660000003,,270000,,,664,500.0,,,536
,406,15.453782660000003,,270000,,,664,500.0,,,540
13834,406,9.83425479,0.04746057465672493,280000,0.00075,0.0031315439846366644,688,500.0,-14.550009727478027,19.527639389038086,544
,406,9.83425479,,280000,,,688,500.0,,,548
,406,9.83425479,,280000,,,688,500.0,,,552
,406,9.83425479,,280000,,,688,500.0,,,556
,406,9.83425479,,280000,,,688,500.0,,,560
14334,407,7.074956009999998,1.3012504577636719,290000,0.00075,0.0034295381046831608,712,500.0,-13.631706237792969,-2.9440219402313232,564
,407,7.074956009999998,,290000,,,712,500.0,,,568
,407,7.074956009999998,,290000,,,712,500.0,,,572
,407,7.074956009999998,,290000,,,712,500.0,,,576
,407,7.074956009999998,,290000,,,712,500.0,,,580
14834,407,6.294704119999999,0.054537076503038406,300000,0.00075,0.003446990391239524,737,500.0,-13.699939727783203,-13.736621856689453,584
,407,6.294704119999999,,300000,,,737,500.0,,,588
,407,6.294704119999999,,300000,,,737,500.0,,,592
,406,6.294704119999999,,300000,,,737,500.0,,,596
,406,6.294704119999999,,300000,,,737,500.0,,,600
15334,407,1.5644127700000001,0.04799255356192589,310000,0.00075,0.0034780383575707674,761,500.0,-13.209428787231445,-12.181854248046875,604
,407,1.5644127700000001,,310000,,,761,500.0,,,608
,407,1.5644127700000001,,310000,,,761,500.0,,,612
,407,1.5644127700000001,,310000,,,761,500.0,,,616
,407,1.5644127700000001,,310000,,,761,500.0,,,620
15834,406,0.68907446,0.05340621620416641,320000,0.00075,0.0032752358820289373,786,500.0,-13.47093391418457,-6.846676349639893,624
,406,0.68907446,,320000,,,786,500.0,,,628
,406,0.68907446,,320000,,,786,500.0,,,632
,406,0.68907446,,320000,,,786,500.0,,,636
,406,0.68907446,,320000,,,786,500.0,,,640
16334,407,3.5189343599999994,0.0721101388335228,330000,0.00075,0.0031915376894176006,810,500.0,-13.014514923095703,-4.108500957489014,644
,407,3.5189343599999994,,330000,,,810,500.0,,,648
,407,3.5189343599999994,,330000,,,810,500.0,,,652
,407,3.5189343599999994,,330000,,,810,500.0,,,656
,407,3.5189343599999994,,330000,,,810,500.0,,,660
16834,406,3.8973995400000003,0.0543658584356308,340000,0.00075,0.003065272932872176,835,500.0,-12.930469512939453,2.08363676071167,664
,406,3.8973995400000003,,340000,,,835,500.0,,,668
,406,3.8973995400000003,,340000,,,835,500.0,,,672
,406,3.8973995400000003,,340000,,,835,500.0,,,676
,406,3.8973995400000003,,340000,,,835,500.0,,,680
17334,407,9.19925303,0.03860890865325928,350000,0.00075,0.0032234799582511187,859,500.0,-12.614616394042969,-3.836489677429199,684
,407,9.19925303,,350000,,,859,500.0,,,688
,407,9.19925303,,350000,,,859,500.0,,,692
,407,9.19925303,,350000,,,859,500.0,,,696
,407,9.19925303,,350000,,,859,500.0,,,700
17834,406,9.639204439999999,0.1110360398888588,360000,0.00075,0.0033847021404653788,884,500.0,-12.122940063476562,-5.066133499145508,704
,406,9.639204439999999,,360000,,,884,500.0,,,708
,406,9.639204439999999,,360000,,,884,500.0,,,712
,406,9.639204439999999,,360000,,,884,500.0,,,716
,406,9.639204439999999,,360000,,,884,500.0,,,720
18334,407,9.884601570000001,0.23290622234344482,370000,0.00075,0.0032009794376790524,908,500.0,-11.863956451416016,1.836456060409546,724
,407,9.884601570000001,,370000,,,908,500.0,,,728
,407,9.884601570000001,,370000,,,908,500.0,,,732
,407,9.884601570000001,,370000,,,908,500.0,,,736
,407,9.884601570000001,,370000,,,908,500.0,,,740
18834,407,7.99662063,0.06829503178596497,380000,0.00075,0.0034146043471992016,932,500.0,-11.509737968444824,11.320073127746582,744
,407,7.99662063,,380000,,,932,500.0,,,748
,407,7.99662063,,380000,,,932,500.0,,,752
,407,7.99662063,,380000,,,932,500.0,,,756
,407,7.99662063,,380000,,,932,500.0,,,760
19334,407,10.18027372,0.10183927416801453,390000,0.00075,0.003595546120777726,957,500.0,-12.020435333251953,-13.88698959350586,764
,407,10.18027372,,390000,,,957,500.0,,,768
,407,10.18027372,,390000,,,957,500.0,,,772
,407,10.18027372,,390000,,,957,500.0,,,776
,407,10.18027372,,390000,,,957,500.0,,,780
19834,406,16.89875624,0.4922788143157959,400000,0.00075,0.0034135752357542515,984,500.0,-12.076040267944336,1.3695485591888428,784
,406,16.89875624,,400000,,,984,500.0,,,788
,406,16.89875624,,400000,,,984,500.0,,,792
,406,16.89875624,,400000,,,984,500.0,,,796
,406,16.89875624,,400000,,,984,500.0,,,800
20334,406,17.97447695,0.6414016485214233,410000,0.00075,0.0034111395943909883,1009,500.0,-11.558577537536621,-5.50758695602417,804
,406,17.97447695,,410000,,,1009,500.0,,,808
,406,17.97447695,,410000,,,1009,500.0,,,812
,406,17.97447695,,410000,,,1009,500.0,,,816
,406,17.97447695,,410000,,,1009,500.0,,,820
20834,406,21.28041766,0.09235918521881104,420000,0.00075,0.0035772938281297684,1033,500.0,-11.571971893310547,0.8178672790527344,824
,406,21.28041766,,420000,,,1033,500.0,,,828
,406,21.28041766,,420000,,,1033,500.0,,,832
,406,21.28041766,,420000,,,1033,500.0,,,836
,406,21.28041766,,420000,,,1033,500.0,,,840
21334,406,62.389732649999985,0.36505115032196045,430000,0.00075,0.0038862740620970726,1058,500.0,-11.5037202835083,-0.35898590087890625,844
,406,62.389732649999985,,430000,,,1058,500.0,,,848
,406,62.389732649999985,,430000,,,1058,500.0,,,852
,406,62.389732649999985,,430000,,,1058,500.0,,,856
,406,62.389732649999985,,430000,,,1058,500.0,,,860
21834,405,65.63792081000001,0.432663232088089,440000,0.00075,0.0038888007402420044,1083,500.0,-11.46986198425293,-9.768207550048828,864
,405,65.63792081000001,,440000,,,1083,500.0,,,868
,405,65.63792081000001,,440000,,,1083,500.0,,,872
,405,65.63792081000001,,440000,,,1083,500.0,,,876
,405,65.63792081000001,,440000,,,1083,500.0,,,880
22334,405,81.10065295,0.07546858489513397,450000,0.00075,0.00383908418007195,1109,500.0,-12.058597564697266,-9.086971282958984,884
,405,81.10065295,,450000,,,1109,500.0,,,888
,405,81.10065295,,450000,,,1109,500.0,,,892
,405,81.10065295,,450000,,,1109,500.0,,,896
,405,81.10065295,,450000,,,1109,500.0,,,900
22834,404,103.62534197000001,0.6962779760360718,460000,0.00075,0.004107268527150154,1136,500.0,-10.530231475830078,-7.615172386169434,904
,404,103.62534197000001,,460000,,,1136,500.0,,,908
,404,103.62534197000001,,460000,,,1136,500.0,,,912
,404,103.62534197000001,,460000,,,1136,500.0,,,916
,404,103.62534197000001,,460000,,,1136,500.0,,,920
23334,404,101.80026159,0.3150845766067505,470000,0.00075,0.0042467438615858555,1161,500.0,-12.070064544677734,-0.12306362390518188,924
,404,101.80026159,,470000,,,1161,500.0,,,928
,404,101.80026159,,470000,,,1161,500.0,,,932
,404,101.80026159,,470000,,,1161,500.0,,,936
,404,101.80026159,,470000,,,1161,500.0,,,940
23834,404,69.37521579999999,0.7792154550552368,480000,0.00075,0.004548647906631231,1185,500.0,-10.803115844726562,5.006251811981201,944
,404,69.37521579999999,,480000,,,1185,500.0,,,948
,404,69.37521579999999,,480000,,,1185,500.0,,,952
,404,69.37521579999999,,480000,,,1185,500.0,,,956
,404,69.37521579999999,,480000,,,1185,500.0,,,960
24334,404,79.49112721,2.134705066680908,490000,0.00075,0.004439153242856264,1211,500.0,-10.838774681091309,-0.01224660873413086,964
,404,79.49112721,,490000,,,1211,500.0,,,968
,404,79.49112721,,490000,,,1211,500.0,,,972
,404,79.49112721,,490000,,,1211,500.0,,,976
,404,79.49112721,,490000,,,1211,500.0,,,980
24834,404,101.15546116000002,1.2843923568725586,500000,0.00075,0.004357717931270599,1235,500.0,-12.774932861328125,12.899357795715332,984
,404,101.15546116000002,,500000,,,1235,500.0,,,988
,404,101.15546116000002,,500000,,,1235,500.0,,,992
,404,101.15546116000002,,500000,,,1235,500.0,,,996
,404,101.15546116000002,,500000,,,1235,500.0,,,1000
25334,404,87.12421870999998,0.6672519445419312,510000,0.00075,0.004421848338097334,1260,500.0,-13.419790267944336,-0.16140437126159668,1004
,404,87.12421870999998,,510000,,,1260,500.0,,,1008
,404,87.12421870999998,,510000,,,1260,500.0,,,1012
,404,87.12421870999998,,510000,,,1260,500.0,,,1016
,404,87.12421870999998,,510000,,,1260,500.0,,,1020
25834,404,118.98484249,0.4281803369522095,520000,0.00075,0.004542504902929068,1285,500.0,-11.581382751464844,8.143549919128418,1024
,404,118.98484249,,520000,,,1285,500.0,,,1028
,404,118.98484249,,520000,,,1285,500.0,,,1032
,404,118.98484249,,520000,,,1285,500.0,,,1036
,404,118.98484249,,520000,,,1285,500.0,,,1040
26334,404,113.14193184000001,0.2824705243110657,530000,0.00075,0.004914325196295977,1311,500.0,-11.504769325256348,-1.9783653020858765,1044
,404,113.14193184000001,,530000,,,1311,500.0,,,1048
,404,113.14193184000001,,530000,,,1311,500.0,,,1052
,404,113.14193184000001,,530000,,,1311,500.0,,,1056
,404,113.14193184000001,,530000,,,1311,500.0,,,1060
26834,404,144.55232594999998,1.4914417266845703,540000,0.00075,0.005188210867345333,1335,500.0,-11.974055290222168,39.2716064453125,1064
,404,144.55232594999998,,540000,,,1335,500.0,,,1068
,404,144.55232594999998,,540000,,,1335,500.0,,,1072
,404,144.55232594999998,,540000,,,1335,500.0,,,1076
,404,144.55232594999998,,540000,,,1335,500.0,,,1080
27334,404,106.60449516,0.3465035557746887,550000,0.00075,0.005234515760093927,1360,500.0,-12.415487289428711,-9.495201110839844,1084
,404,106.60449516,,550000,,,1360,500.0,,,1088
,404,106.60449516,,550000,,,1360,500.0,,,1092
,404,106.60449516,,550000,,,1360,500.0,,,1096
,404,106.60449516,,550000,,,1360,500.0,,,1100
27834,404,105.03168335999999,0.3937554359436035,560000,0.00075,0.005826187320053577,1386,500.0,-13.169785499572754,5.9218058586120605,1104
,404,105.03168335999999,,560000,,,1386,500.0,,,1108
,404,105.03168335999999,,560000,,,1386,500.0,,,1112
,404,105.03168335999999,,560000,,,1386,500.0,,,1116
,404,105.03168335999999,,560000,,,1386,500.0,,,1120
28334,403,80.26664189,0.48696985840797424,570000,0.00075,0.005707236006855965,1411,500.0,-11.772865295410156,-3.4627039432525635,1124
,403,80.26664189,,570000,,,1411,500.0,,,1128
,403,80.26664189,,570000,,,1411,500.0,,,1132
,403,80.26664189,,570000,,,1411,500.0,,,1136
,403,80.26664189,,570000,,,1411,500.0,,,1140
28834,403,98.92741606999999,0.37316691875457764,580000,0.00075,0.006334854755550623,1437,500.0,-12.66633129119873,8.298920631408691,1144
,403,98.92741606999999,,580000,,,1437,500.0,,,1148
,403,98.92741606999999,,580000,,,1437,500.0,,,1152
,403,98.92741606999999,,580000,,,1437,500.0,,,1156
,403,98.92741606999999,,580000,,,1437,500.0,,,1160
29334,403,86.10345953,1.1578422784805298,590000,0.00075,0.006144022103399038,1462,500.0,-16.419479370117188,2.3326869010925293,1164
,403,86.10345953,,590000,,,1462,500.0,,,1168
,403,86.10345953,,590000,,,1462,500.0,,,1172
,403,86.10345953,,590000,,,1462,500.0,,,1176
,403,86.10345953,,590000,,,1462,500.0,,,1180
29834,403,111.22130707000001,0.41144609451293945,600000,0.00075,0.00660601956769824,1488,500.0,-14.895898818969727,-0.33008575439453125,1184
,403,111.22130707000001,,600000,,,1488,500.0,,,1188
,403,111.22130707000001,,600000,,,1488,500.0,,,1192
,403,111.22130707000001,,600000,,,1488,500.0,,,1196
,403,111.22130707000001,,600000,,,1488,500.0,,,1200
30334,402,139.12084073000003,2.680656909942627,610000,0.00075,0.007206680253148079,1514,500.0,-16.318790435791016,4.98187255859375,1204
,402,139.12084073000003,,610000,,,1514,500.0,,,1208
,402,139.12084073000003,,610000,,,1514,500.0,,,1212
,402,139.12084073000003,,610000,,,1514,500.0,,,1216
,402,139.12084073000003,,610000,,,1514,500.0,,,1220
30834,402,150.35888826,2.894822120666504,620000,0.00075,0.007706683594733477,1539,500.0,-15.172844886779785,4.0256524085998535,1224
,402,150.35888826,,620000,,,1539,500.0,,,1228
,402,150.35888826,,620000,,,1539,500.0,,,1232
,402,150.35888826,,620000,,,1539,500.0,,,1236
,402,150.35888826,,620000,,,1539,500.0,,,1240
31334,402,185.31507522000004,0.774196207523346,630000,0.00075,0.008453411050140858,1565,500.0,-14.677494049072266,7.448955535888672,1244
,402,185.31507522000004,,630000,,,1565,500.0,,,1248
,402,185.31507522000004,,630000,,,1565,500.0,,,1252
,402,185.31507522000004,,630000,,,1565,500.0,,,1256
,402,185.31507522000004,,630000,,,1565,500.0,,,1260
31834,402,180.80397634000002,1.118265151977539,640000,0.00075,0.008230805397033691,1590,500.0,-15.481209754943848,-0.5918655395507812,1264
,402,180.80397634000002,,640000,,,1590,500.0,,,1268
,402,180.80397634000002,,640000,,,1590,500.0,,,1272
,402,180.80397634000002,,640000,,,1590,500.0,,,1276
,402,180.80397634000002,,640000,,,1590,500.0,,,1280
32334,402,205.87038565000003,0.9580281972885132,650000,0.00075,0.008390662260353565,1616,500.0,-16.8052978515625,-3.621520757675171,1284
,402,205.87038565000003,,650000,,,1616,500.0,,,1288
,402,205.87038565000003,,650000,,,1616,500.0,,,1292
,402,205.87038565000003,,650000,,,1616,500.0,,,1296
,402,205.87038565000003,,650000,,,1616,500.0,,,1300
32834,401,186.77397824,3.4445714950561523,660000,0.00075,0.008945243433117867,1642,500.0,-17.322635650634766,-4.944703578948975,1304
,401,186.77397824,,660000,,,1642,500.0,,,1308
,401,186.77397824,,660000,,,1642,500.0,,,1312
,401,186.77397824,,660000,,,1642,500.0,,,1316
,401,186.77397824,,660000,,,1642,500.0,,,1320
33334,401,207.76129496000001,0.8463261127471924,670000,0.00075,0.009335551410913467,1668,500.0,-17.811389923095703,5.035085678100586,1324
,401,207.76129496000001,,670000,,,1668,500.0,,,1328
,401,207.76129496000001,,670000,,,1668,500.0,,,1332
,401,207.76129496000001,,670000,,,1668,500.0,,,1336
,401,207.76129496000001,,670000,,,1668,500.0,,,1340
33834,401,172.57594824999995,3.4667859077453613,680000,0.00075,0.009439886547625065,1693,500.0,-18.221817016601562,-5.872931480407715,1344
,401,172.57594824999995,,680000,,,1693,500.0,,,1348
,401,172.57594824999995,,680000,,,1693,500.0,,,1352
,401,172.57594824999995,,680000,,,1693,500.0,,,1356
,401,172.57594824999995,,680000,,,1693,500.0,,,1360
34334,401,192.58150175999998,1.158761739730835,690000,0.00075,0.00983863789588213,1719,500.0,-18.711902618408203,-5.974725246429443,1364
,401,192.58150175999998,,690000,,,1719,500.0,,,1368
,401,192.58150175999998,,690000,,,1719,500.0,,,1372
,401,192.58150175999998,,690000,,,1719,500.0,,,1376
,401,192.58150175999998,,690000,,,1719,500.0,,,1380
34834,401,184.60832330000005,0.8433208465576172,700000,0.00075,0.00900582130998373,1744,500.0,-20.095809936523438,-8.185453414916992,1384
,401,184.60832330000005,,700000,,,1744,500.0,,,1388
,401,184.60832330000005,,700000,,,1744,500.0,,,1392
,401,184.60832330000005,,700000,,,1744,500.0,,,1396
,401,184.60832330000005,,700000,,,1744,500.0,,,1400
35334,401,211.39287279000004,1.971178650856018,710000,0.00075,0.009428972378373146,1768,500.0,-23.11873435974121,-4.7823591232299805,1404
,401,211.39287279000004,,710000,,,1768,500.0,,,1408
,401,211.39287279000004,,710000,,,1768,500.0,,,1412
,401,211.39287279000004,,710000,,,1768,500.0,,,1416
,401,211.39287279000004,,710000,,,1768,500.0,,,1420
35834,401,194.53848806000005,1.1666841506958008,720000,0.00075,0.009201946668326855,1794,500.0,-24.066287994384766,-1.5205376148223877,1424
,401,194.53848806000005,,720000,,,1794,500.0,,,1428
,401,194.53848806000005,,720000,,,1794,500.0,,,1432
,401,194.53848806000005,,720000,,,1794,500.0,,,1436
,401,194.53848806000005,,720000,,,1794,500.0,,,1440
36334,401,196.30649924999997,1.4749877452850342,730000,0.00075,0.009566567838191986,1819,500.0,-26.803823471069336,3.024172306060791,1444
,401,196.30649924999997,,730000,,,1819,500.0,,,1448
,401,196.30649924999997,,730000,,,1819,500.0,,,1452
,401,196.30649924999997,,730000,,,1819,500.0,,,1456
,401,196.30649924999997,,730000,,,1819,500.0,,,1460
36834,401,191.92595141,1.4828729629516602,740000,0.00075,0.009645498357713223,1844,500.0,-24.3481388092041,-1.1470329761505127,1464
,401,191.92595141,,740000,,,1844,500.0,,,1468
,401,191.92595141,,740000,,,1844,500.0,,,1472
,401,191.92595141,,740000,,,1844,500.0,,,1476
,401,191.92595141,,740000,,,1844,500.0,,,1480
37334,401,183.68797361999998,1.1620674133300781,750000,0.00075,0.010237762704491615,1869,500.0,-25.794017791748047,-5.787178993225098,1484
,401,183.68797361999998,,750000,,,1869,500.0,,,1488
,401,183.68797361999998,,750000,,,1869,500.0,,,1492
,401,183.68797361999998,,750000,,,1869,500.0,,,1496
,401,183.68797361999998,,750000,,,1869,500.0,,,1500
37834,401,161.86572565999998,0.45891422033309937,760000,0.00075,0.01039416529238224,1895,500.0,-21.300735473632812,-3.0658531188964844,1504
,401,161.86572565999998,,760000,,,1895,500.0,,,1508
,401,161.86572565999998,,760000,,,1895,500.0,,,1512
,401,161.86572565999998,,760000,,,1895,500.0,,,1516
,401,161.86572565999998,,760000,,,1895,500.0,,,1520
38334,400,194.74149491999998,0.9250837564468384,770000,0.00075,0.010407640598714352,1920,500.0,-25.972076416015625,1.309065341949463,1524
,400,194.74149491999998,,770000,,,1920,500.0,,,1528
,400,194.74149491999998,,770000,,,1920,500.0,,,1532
,400,194.74149491999998,,770000,,,1920,500.0,,,1536
,400,194.74149491999998,,770000,,,1920,500.0,,,1540
38834,400,188.35202884000003,3.6861727237701416,780000,0.00075,0.010198116302490234,1945,500.0,-29.085786819458008,1.6210565567016602,1544
,400,188.35202884000003,,780000,,,1945,500.0,,,1548
,400,188.35202884000003,,780000,,,1945,500.0,,,1552
,400,188.35202884000003,,780000,,,1945,500.0,,,1556
,400,188.35202884000003,,780000,,,1945,500.0,,,1560
39334,400,169.67748498,0.9584221243858337,790000,0.00075,0.010959570296108723,1970,500.0,-26.751646041870117,3.9970829486846924,1564
,400,169.67748498,,790000,,,1970,500.0,,,1568
,400,169.67748498,,790000,,,1970,500.0,,,1572
,400,169.67748498,,790000,,,1970,500.0,,,1576
,400,169.67748498,,790000,,,1970,500.0,,,1580
39834,400,154.33596691,2.475470542907715,800000,0.00075,0.010934963822364807,1996,500.0,-30.761585235595703,1.6707453727722168,1584
,400,154.33596691,,800000,,,1996,500.0,,,1588
,400,154.33596691,,800000,,,1996,500.0,,,1592
,400,154.33596691,,800000,,,1996,500.0,,,1596
,400,154.33596691,,800000,,,1996,500.0,,,1600
40334,400,168.9515386,0.896298885345459,810000,0.00075,0.011214153841137886,2021,500.0,-28.719221115112305,1.3753705024719238,1604
,400,168.9515386,,810000,,,2021,500.0,,,1608
,400,168.9515386,,810000,,,2021,500.0,,,1612
,400,168.9515386,,810000,,,2021,500.0,,,1616
,400,168.9515386,,810000,,,2021,500.0,,,1620
40834,400,151.11908318,2.285677909851074,820000,0.00075,0.011598648503422737,2049,500.0,-27.4586181640625,-0.08634960651397705,1624
,400,151.11908318,,820000,,,2049,500.0,,,1628
,400,151.11908318,,820000,,,2049,500.0,,,1632
,400,151.11908318,,820000,,,2049,500.0,,,1636
,400,151.11908318,,820000,,,2049,500.0,,,1640
41334,400,207.75498773999996,1.389434814453125,830000,0.00075,0.010916425846517086,2074,500.0,-32.88569641113281,-1.0326662063598633,1644
,400,207.75498773999996,,830000,,,2074,500.0,,,1648
,400,207.75498773999996,,830000,,,2074,500.0,,,1652
,400,207.75498773999996,,830000,,,2074,500.0,,,1656
,400,207.75498773999996,,830000,,,2074,500.0,,,1660
41834,399,234.41628395,0.8511828184127808,840000,0.00075,0.011174502782523632,2100,500.0,-27.63296890258789,-6.953011512756348,1664
,399,234.41628395,,840000,,,2100,500.0,,,1668
,399,234.41628395,,840000,,,2100,500.0,,,1672
,399,234.41628395,,840000,,,2100,500.0,,,1676
,399,234.41628395,,840000,,,2100,500.0,,,1680
42334,399,280.59171463,1.7208360433578491,850000,0.00075,0.011701010167598724,2125,500.0,-35.766883850097656,1.9991004467010498,1684
,399,280.59171463,,850000,,,2125,500.0,,,1688
,399,280.59171463,,850000,,,2125,500.0,,,1692
,399,280.59171463,,850000,,,2125,500.0,,,1696
,399,280.59171463,,850000,,,2125,500.0,,,1700
42834,399,325.33570772999997,2.1406736373901367,860000,0.00075,0.01120387576520443,2151,500.0,-30.29593849182129,-0.44936275482177734,1704
,399,325.33570772999997,,860000,,,2151,500.0,,,1708
,399,325.33570772999997,,860000,,,2151,500.0,,,1712
,399,325.33570772999997,,860000,,,2151,500.0,,,1716
,399,325.33570772999997,,860000,,,2151,500.0,,,1720
43334,399,368.30062399,5.447590351104736,870000,0.00075,0.012001922354102135,2177,500.0,-33.7939338684082,0.30487096309661865,1724
,399,368.30062399,,870000,,,2177,500.0,,,1728
,399,368.30062399,,870000,,,2177,500.0,,,1732
,399,368.30062399,,870000,,,2177,500.0,,,1736
,399,368.30062399,,870000,,,2177,500.0,,,1740
43834,399,366.46101578,1.5038566589355469,880000,0.00075,0.012827225029468536,2202,500.0,-32.215301513671875,10.290363311767578,1744
,399,366.46101578,,880000,,,2202,500.0,,,1748
,399,366.46101578,,880000,,,2202,500.0,,,1752
,399,366.46101578,,880000,,,2202,500.0,,,1756
,399,366.46101578,,880000,,,2202,500.0,,,1760
44334,399,375.91070793000006,2.899242877960205,890000,0.00075,0.013303706422448158,2227,500.0,-33.422000885009766,-1.776995062828064,1764
,399,375.91070793000006,,890000,,,2227,500.0,,,1768
,399,375.91070793000006,,890000,,,2227,500.0,,,1772
,399,375.91070793000006,,890000,,,2227,500.0,,,1776
,399,375.91070793000006,,890000,,,2227,500.0,,,1780
44834,399,393.5851155199999,8.581979751586914,900000,0.00075,0.013654992915689945,2252,500.0,-33.090599060058594,3.5174615383148193,1784
,399,393.5851155199999,,900000,,,2252,500.0,,,1788
,399,393.5851155199999,,900000,,,2252,500.0,,,1792
,399,393.5851155199999,,900000,,,2252,500.0,,,1796
,399,393.5851155199999,,900000,,,2252,500.0,,,1800
45334,399,401.03252947,3.448148250579834,910000,0.00075,0.01401460450142622,2278,500.0,-33.10186004638672,-1.4731168746948242,1804
,399,401.03252947,,910000,,,2278,500.0,,,1808
,399,401.03252947,,910000,,,2278,500.0,,,1812
,399,401.03252947,,910000,,,2278,500.0,,,1816
,399,401.03252947,,910000,,,2278,500.0,,,1820
45834,399,402.1055522000001,1.5532306432724,920000,0.00075,0.014749430119991302,2302,500.0,-32.54475402832031,-4.112498760223389,1824
,399,402.1055522000001,,920000,,,2302,500.0,,,1828
,399,402.1055522000001,,920000,,,2302,500.0,,,1832
,399,402.1055522000001,,920000,,,2302,500.0,,,1836
,399,402.1055522000001,,920000,,,2302,500.0,,,1840
46334,399,404.04417156000005,13.55266284942627,930000,0.00075,0.015611975453794003,2328,500.0,-40.00495147705078,-1.4397066831588745,1844
,399,404.04417156000005,,930000,,,2328,500.0,,,1848
,399,404.04417156000005,,930000,,,2328,500.0,,,1852
,399,404.04417156000005,,930000,,,2328,500.0,,,1856
,399,404.04417156000005,,930000,,,2328,500.0,,,1860
46834,399,413.29499459999994,26.591999053955078,940000,0.00075,0.014557797461748123,2354,500.0,-36.807167053222656,-2.3436269760131836,1864
,399,413.29499459999994,,940000,,,2354,500.0,,,1868
,399,413.29499459999994,,940000,,,2354,500.0,,,1872
,399,413.29499459999994,,940000,,,2354,500.0,,,1876
,399,413.29499459999994,,940000,,,2354,500.0,,,1880
47334,399,376.48576811,3.35493803024292,950000,0.00075,0.014613451436161995,2379,500.0,-36.278629302978516,1.4802874326705933,1884
,399,376.48576811,,950000,,,2379,500.0,,,1888
,399,376.48576811,,950000,,,2379,500.0,,,1892
,399,376.48576811,,950000,,,2379,500.0,,,1896
,399,376.48576811,,950000,,,2379,500.0,,,1900
47834,399,343.39923496000006,4.295321464538574,960000,0.00075,0.015118005685508251,2404,500.0,-38.92158508300781,1.4827220439910889,1904
,399,343.39923496000006,,960000,,,2404,500.0,,,1908
,399,343.39923496000006,,960000,,,2404,500.0,,,1912
,399,343.39923496000006,,960000,,,2404,500.0,,,1916
,399,343.39923496000006,,960000,,,2404,500.0,,,1920
48334,399,315.99037639,1.7605211734771729,970000,0.00075,0.014295910485088825,2430,500.0,-36.48285675048828,-2.166337013244629,1924
,399,315.99037639,,970000,,,2430,500.0,,,1928
,399,315.99037639,,970000,,,2430,500.0,,,1932
,399,315.99037639,,970000,,,2430,500.0,,,1936
,399,315.99037639,,970000,,,2430,500.0,,,1940
48834,398,311.18986347999993,2.756373405456543,980000,0.00075,0.01411308441311121,2456,500.0,-35.78477478027344,-0.2806195020675659,1944
,398,311.18986347999993,,980000,,,2456,500.0,,,1948
,398,311.18986347999993,,980000,,,2456,500.0,,,1952
,398,311.18986347999993,,980000,,,2456,500.0,,,1956
,398,311.18986347999993,,980000,,,2456,500.0,,,1960
49334,398,303.13902338,1.8680839538574219,990000,0.00075,0.014262288808822632,2481,500.0,-39.423301696777344,0.8058029413223267,1964
,398,303.13902338,,990000,,,2481,500.0,,,1968
,398,303.13902338,,990000,,,2481,500.0,,,1972
,398,303.13902338,,990000,,,2481,500.0,,,1976
,398,303.13902338,,990000,,,2481,500.0,,,1980
49834,399,307.02804657999997,2.360149621963501,1000000,0.00075,0.01464149635285139,2506,500.0,-42.80253219604492,-4.195757865905762,1984
,399,307.02804657999997,,1000000,,,2506,500.0,,,1988
,399,307.02804657999997,,1000000,,,2506,500.0,,,1992
,399,307.02804657999997,,1000000,,,2506,500.0,,,1996
,399,307.02804657999997,,1000000,,,2506,500.0,,,2000
