train/learning_rate,train/n_updates,time/time_elapsed,time/episodes,rollout/ep_rew_mean,train/ent_coef,train/critic_loss,train/actor_loss,time/fps,rollout/ep_len_mean,time/total_timesteps,train/ent_coef_loss
0.003,334,33,4,0.0,0.36776065826416016,0.014555875211954117,-7.4128217697143555,300,500.0,10000,-11.777898788452148
,,33,8,0.0,,,,300,500.0,10000,
,,33,12,0.0,,,,300,500.0,10000,
,,33,16,0.0,,,,300,500.0,10000,
,,33,20,0.0,,,,300,500.0,10000,
0.003,834,65,24,0.0,0.08203217387199402,0.30825069546699524,-6.549984931945801,304,500.0,20000,-29.369525909423828
,,65,28,0.0,,,,304,500.0,20000,
,,65,32,0.0,,,,303,500.0,20000,
,,65,36,0.0,,,,303,500.0,20000,
,,65,40,0.0,,,,303,500.0,20000,
0.003,1334,98,44,0.0,0.018394336104393005,0.004058937542140484,-6.3110032081604,304,500.0,30000,-46.43147659301758
,,98,48,0.0,,,,304,500.0,30000,
,,98,52,0.0,,,,304,500.0,30000,
,,98,56,0.0,,,,304,500.0,30000,
,,98,60,0.0,,,,304,500.0,30000,
0.003,1834,131,64,0.0,0.004462691955268383,0.009706245735287666,-6.028078079223633,304,500.0,40000,-53.71604537963867
,,131,68,0.0,,,,304,500.0,40000,
,,131,72,0.0,,,,304,500.0,40000,
,,131,76,0.0,,,,304,500.0,40000,
,,131,80,0.0,,,,304,500.0,40000,
0.003,2334,164,84,0.0,0.002118199598044157,0.27852150797843933,-5.785173416137695,303,500.0,50000,-29.64292335510254
,,164,88,0.0,,,,303,500.0,50000,
,,164,92,0.0,,,,303,500.0,50000,
,,164,96,0.0,,,,303,500.0,50000,
,,164,100,0.0,,,,303,500.0,50000,
0.003,2834,197,104,0.17,0.0017286220099776983,0.002108421642333269,-5.789267063140869,303,500.0,60000,-22.361949920654297
,,197,108,0.17,,,,303,500.0,60000,
,,197,112,0.17,,,,303,500.0,60000,
,,197,116,0.17,,,,303,500.0,60000,
,,197,120,0.17,,,,303,500.0,60000,
0.003,3334,231,124,1.38,0.0015205485979095101,0.0067037856206297874,-5.579638481140137,302,500.0,70000,-9.331809043884277
,,231,128,1.38,,,,302,500.0,70000,
,,231,132,1.38,,,,302,500.0,70000,
,,231,136,1.38,,,,302,500.0,70000,
,,231,140,1.38,,,,302,500.0,70000,
0.003,3834,263,144,2.86,0.0013905428349971771,0.009665608406066895,-5.397434234619141,303,500.0,80000,-16.819265365600586
,,263,148,2.86,,,,303,500.0,80000,
,,263,152,2.86,,,,303,500.0,80000,
,,263,156,2.86,,,,303,500.0,80000,
,,263,160,2.86,,,,303,500.0,80000,
0.003,4334,295,164,3.35,0.0013254215009510517,0.6008597612380981,-5.2090559005737305,304,500.0,90000,4.567316055297852
,,295,168,3.35,,,,304,500.0,90000,
,,295,172,3.35,,,,304,500.0,90000,
,,295,176,3.35,,,,304,500.0,90000,
,,295,180,3.35,,,,304,500.0,90000,
0.003,4834,328,184,3.35,0.0015125591307878494,0.010261437855660915,-5.059908866882324,304,500.0,100000,-0.6459159851074219
,,328,188,3.35,,,,304,500.0,100000,
,,328,192,3.35,,,,304,500.0,100000,
,,328,196,3.35,,,,304,500.0,100000,
,,328,200,3.35,,,,304,500.0,100000,
0.003,5334,361,204,3.48,0.0013101573567837477,0.015534438192844391,-5.0579938888549805,304,500.0,110000,-10.861105918884277
,,361,208,3.48,,,,304,500.0,110000,
,,361,212,3.48,,,,304,500.0,110000,
,,361,216,3.48,,,,304,500.0,110000,
,,361,220,3.48,,,,304,500.0,110000,
0.003,5834,395,224,4.1,0.0011948645114898682,0.013904940336942673,-4.798954486846924,303,500.0,120000,14.690171241760254
,,395,228,4.1,,,,303,500.0,120000,
,,395,232,4.1,,,,303,500.0,120000,
,,395,236,4.1,,,,303,500.0,120000,
,,395,240,4.1,,,,303,500.0,120000,
0.003,6334,428,244,2.62,0.001450722455047071,0.2117283195257187,-4.65570068359375,303,500.0,130000,-3.695702075958252
,,428,248,2.62,,,,303,500.0,130000,
,,428,252,2.62,,,,303,500.0,130000,
,,428,256,2.62,,,,303,500.0,130000,
,,428,260,2.62,,,,303,500.0,130000,
0.003,6834,461,264,3.68,0.0012294754851609468,0.008204913698136806,-4.432427406311035,303,500.0,140000,5.931008338928223
,,461,268,3.68,,,,303,500.0,140000,
,,461,272,3.68,,,,303,500.0,140000,
,,461,276,3.68,,,,303,500.0,140000,
,,461,280,3.68,,,,303,500.0,140000,
0.003,7334,494,284,4.72,0.0010265058372169733,0.020428698509931564,-4.570398330688477,303,500.0,150000,-7.913372993469238
,,494,288,4.72,,,,303,500.0,150000,
,,494,292,4.72,,,,303,500.0,150000,
,,494,296,4.72,,,,303,500.0,150000,
,,494,300,4.72,,,,303,500.0,150000,
0.003,7834,527,304,6.66,0.001503189792856574,0.014501359313726425,-4.359943866729736,303,500.0,160000,3.2572591304779053
,,527,308,6.66,,,,303,500.0,160000,
,,527,312,6.66,,,,303,500.0,160000,
,,527,316,6.66,,,,303,500.0,160000,
,,527,320,6.66,,,,303,500.0,160000,
0.003,8334,560,324,6.98,0.001073317602276802,0.004904226399958134,-3.963672161102295,303,500.0,170000,-24.872167587280273
,,560,328,6.98,,,,303,500.0,170000,
,,560,332,6.98,,,,303,500.0,170000,
,,560,336,6.98,,,,303,500.0,170000,
,,560,340,6.98,,,,303,500.0,170000,
0.003,8834,594,344,6.98,0.0009548091911710799,0.008117400109767914,-3.842357635498047,302,500.0,180000,-8.738861083984375
,,594,348,6.98,,,,302,500.0,180000,
,,594,352,6.98,,,,302,500.0,180000,
,,594,356,6.98,,,,302,500.0,180000,
,,594,360,6.98,,,,302,500.0,180000,
0.003,9334,628,364,5.43,0.0016883290372788906,0.009019428864121437,-3.59557843208313,302,500.0,190000,-33.280914306640625
,,628,368,5.43,,,,302,500.0,190000,
,,628,372,5.43,,,,302,500.0,190000,
,,628,376,5.43,,,,302,500.0,190000,
,,628,380,5.43,,,,302,500.0,190000,
0.003,9834,661,384,5.18,0.0014267654623836279,0.1404898762702942,-3.5072412490844727,302,500.0,200000,62.13105773925781
,,661,388,5.18,,,,302,500.0,200000,
,,661,392,5.18,,,,302,500.0,200000,
,,661,396,5.18,,,,302,500.0,200000,
,,661,400,5.18,,,,302,500.0,200000,
0.003,10334,694,404,9.25,0.0008930735639296472,0.0077507635578513145,-3.399895668029785,302,500.0,210000,-41.29767608642578
,,694,408,9.25,,,,302,500.0,210000,
,,694,412,9.25,,,,302,500.0,210000,
,,694,416,9.25,,,,302,500.0,210000,
,,694,420,9.25,,,,302,500.0,210000,
0.003,10834,726,424,7.1,0.0008886904688552022,0.011123895645141602,-3.705977439880371,302,500.0,220000,-38.35673904418945
,,726,428,7.1,,,,302,500.0,220000,
,,726,432,7.1,,,,302,500.0,220000,
,,726,436,7.1,,,,302,500.0,220000,
,,726,440,7.1,,,,302,500.0,220000,
0.003,11334,759,444,7.18,0.0008380166254937649,0.0051313950680196285,-3.0585460662841797,302,500.0,230000,-26.592256546020508
,,759,448,7.18,,,,302,500.0,230000,
,,759,452,7.18,,,,302,500.0,230000,
,,759,456,7.18,,,,302,500.0,230000,
,,759,460,7.18,,,,302,500.0,230000,
0.003,11834,792,464,7.18,0.0018941325834020972,0.06646671146154404,-3.877957820892334,302,500.0,240000,-25.47686004638672
,,792,468,7.18,,,,302,500.0,240000,
,,792,472,7.18,,,,302,500.0,240000,
,,792,476,7.18,,,,302,500.0,240000,
,,792,480,7.18,,,,302,500.0,240000,
0.003,12334,824,484,7.53,0.0011646815109997988,0.004046650603413582,-2.7465920448303223,303,500.0,250000,-44.56635665893555
,,824,488,7.53,,,,303,500.0,250000,
,,824,492,7.53,,,,303,500.0,250000,
,,824,496,7.53,,,,303,500.0,250000,
,,824,500,7.53,,,,303,500.0,250000,
0.003,12834,857,504,1.32,0.0010653953067958355,0.09135560691356659,-3.321028709411621,303,500.0,260000,30.908432006835938
,,857,508,1.32,,,,303,500.0,260000,
,,857,512,1.32,,,,303,500.0,260000,
,,857,516,1.32,,,,303,500.0,260000,
,,857,520,1.32,,,,303,500.0,260000,
0.003,13334,890,524,1.32,0.0015002216678112745,0.020275406539440155,-3.2726001739501953,303,500.0,270000,-44.90507125854492
,,890,528,1.32,,,,303,500.0,270000,
,,890,532,1.32,,,,303,500.0,270000,
,,890,536,1.32,,,,303,500.0,270000,
,,890,540,1.32,,,,303,500.0,270000,
0.003,13834,924,544,4.7,0.0009702883544377983,0.14225757122039795,-2.370337963104248,303,500.0,280000,41.506736755371094
,,924,548,4.7,,,,303,500.0,280000,
,,924,552,4.7,,,,303,500.0,280000,
,,924,556,4.7,,,,303,500.0,280000,
,,924,560,4.7,,,,303,500.0,280000,
0.003,14334,957,564,13.72,0.0013074188027530909,0.05513821542263031,-2.716808319091797,302,500.0,290000,42.533077239990234
,,957,568,13.72,,,,302,500.0,290000,
,,957,572,13.72,,,,302,500.0,290000,
,,957,576,13.72,,,,302,500.0,290000,
,,957,580,13.72,,,,302,500.0,290000,
0.003,14834,989,584,12.58,0.0007008622051216662,0.005399403627961874,-2.318930149078369,303,500.0,300000,-32.08843231201172
,,989,588,12.58,,,,303,500.0,300000,
,,989,592,12.58,,,,303,500.0,300000,
,,989,596,12.58,,,,303,500.0,300000,
,,989,600,12.58,,,,303,500.0,300000,
0.003,15334,1023,604,22.42,0.0010098774218931794,0.07041570544242859,-3.028913736343384,303,500.0,310000,78.94758605957031
,,1023,608,22.42,,,,303,500.0,310000,
,,1023,612,22.42,,,,303,500.0,310000,
,,1023,616,22.42,,,,303,500.0,310000,
,,1023,620,22.42,,,,303,500.0,310000,
0.003,15834,1055,624,29.76,0.0008469505701214075,0.01428942196071148,-2.3994226455688477,303,500.0,320000,47.94095230102539
,,1055,628,29.76,,,,303,500.0,320000,
,,1055,632,29.76,,,,303,500.0,320000,
,,1055,636,29.76,,,,303,500.0,320000,
,,1055,640,29.76,,,,303,500.0,320000,
0.003,16334,1088,644,26.56,0.000822137575596571,0.0486457422375679,-2.4180173873901367,303,500.0,330000,-5.202048301696777
,,1088,648,26.56,,,,303,500.0,330000,
,,1088,652,26.56,,,,303,500.0,330000,
,,1088,656,26.56,,,,303,500.0,330000,
,,1088,660,26.56,,,,303,500.0,330000,
0.003,16834,1122,664,17.82,0.000932191323954612,0.0071860672906041145,-2.215559959411621,303,500.0,340000,-71.9377670288086
,,1122,668,17.82,,,,303,500.0,340000,
,,1122,672,17.82,,,,303,500.0,340000,
,,1122,676,17.82,,,,303,500.0,340000,
,,1122,680,17.82,,,,303,500.0,340000,
0.003,17334,1154,684,18.09,0.0004553119943011552,0.04911479726433754,-2.7537784576416016,303,500.0,350000,-43.93946075439453
,,1154,688,18.09,,,,303,500.0,350000,
,,1154,692,18.09,,,,303,500.0,350000,
,,1154,696,18.09,,,,303,500.0,350000,
,,1154,700,18.09,,,,303,500.0,350000,
0.003,17834,1187,704,17.37,0.000991934910416603,0.01781279221177101,-2.3901078701019287,303,500.0,360000,-38.457061767578125
,,1187,708,17.37,,,,303,500.0,360000,
,,1187,712,17.37,,,,303,500.0,360000,
,,1187,716,17.37,,,,303,500.0,360000,
,,1187,720,17.37,,,,303,500.0,360000,
0.003,18334,1220,724,10.03,0.0013254581717774272,0.13731494545936584,-1.9646104574203491,303,500.0,370000,-20.639423370361328
,,1220,728,10.03,,,,303,500.0,370000,
,,1220,732,10.03,,,,303,500.0,370000,
,,1220,736,10.03,,,,303,500.0,370000,
,,1220,740,10.03,,,,303,500.0,370000,
0.003,18834,1253,744,50.73,0.00153592589776963,0.03381401300430298,-2.4323718547821045,303,500.0,380000,-35.800682067871094
,,1253,748,50.73,,,,303,500.0,380000,
,,1253,752,50.73,,,,303,500.0,380000,
,,1253,756,50.73,,,,303,500.0,380000,
,,1253,760,50.73,,,,303,500.0,380000,
0.003,19334,1287,764,52.68,0.0010019124019891024,0.1419638693332672,-2.8803248405456543,303,500.0,390000,-12.867454528808594
,,1287,768,52.68,,,,303,500.0,390000,
,,1287,772,52.68,,,,303,500.0,390000,
,,1287,776,52.68,,,,303,500.0,390000,
,,1287,780,52.68,,,,303,500.0,390000,
0.003,19834,1320,784,53.44,0.0012420964194461703,0.13252587616443634,-3.069166660308838,302,500.0,400000,-19.183074951171875
,,1320,788,53.44,,,,302,500.0,400000,
,,1320,792,53.44,,,,302,500.0,400000,
,,1320,796,53.44,,,,302,500.0,400000,
,,1320,800,53.44,,,,302,500.0,400000,
0.003,20334,1353,804,44.22,0.0013078958727419376,0.8859341144561768,-3.5389671325683594,302,500.0,410000,-5.848692893981934
,,1353,808,44.22,,,,302,500.0,410000,
,,1353,812,44.22,,,,302,500.0,410000,
,,1353,816,44.22,,,,302,500.0,410000,
,,1353,820,44.22,,,,302,500.0,410000,
0.003,20834,1386,824,44.22,0.0011625902261584997,0.8124216198921204,-3.678147315979004,302,500.0,420000,-22.352752685546875
,,1386,828,44.22,,,,302,500.0,420000,
,,1386,832,44.22,,,,302,500.0,420000,
,,1386,836,44.22,,,,302,500.0,420000,
,,1386,840,44.22,,,,302,500.0,420000,
0.003,21334,1419,844,3.26,0.0008678771555423737,0.035192232578992844,-2.8309288024902344,302,500.0,430000,-11.130897521972656
,,1419,848,3.26,,,,302,500.0,430000,
,,1419,852,3.26,,,,302,500.0,430000,
,,1419,856,3.26,,,,302,500.0,430000,
,,1419,860,3.26,,,,302,500.0,430000,
0.003,21834,1452,864,1.03,0.0010016129817813635,0.22127977013587952,-2.105560302734375,302,500.0,440000,34.25282287597656
,,1452,868,1.03,,,,302,500.0,440000,
,,1452,872,1.03,,,,302,500.0,440000,
,,1452,876,1.03,,,,302,500.0,440000,
,,1452,880,1.03,,,,302,500.0,440000,
0.003,22334,1485,884,9.24,0.0014866230776533484,0.12122918665409088,-3.525463581085205,302,500.0,450000,0.5938799381256104
,,1485,888,9.24,,,,302,500.0,450000,
,,1485,892,9.24,,,,302,500.0,450000,
,,1485,896,9.24,,,,302,500.0,450000,
,,1485,900,9.24,,,,302,500.0,450000,
0.003,22834,1519,904,9.24,0.0015633689472451806,0.07945628464221954,-3.649388074874878,302,500.0,460000,8.467945098876953
,,1519,908,9.24,,,,302,500.0,460000,
,,1519,912,9.24,,,,302,500.0,460000,
,,1519,916,9.24,,,,302,500.0,460000,
,,1519,920,9.24,,,,302,500.0,460000,
0.003,23334,1553,924,9.24,0.002055756514891982,0.11905434727668762,-2.4723427295684814,302,500.0,470000,-38.28193283081055
,,1553,928,9.24,,,,302,500.0,470000,
,,1553,932,9.24,,,,302,500.0,470000,
,,1553,936,9.24,,,,302,500.0,470000,
,,1553,940,9.24,,,,302,500.0,470000,
0.003,23834,1587,944,9.43,0.0013332110829651356,0.1090339943766594,-3.5071210861206055,302,500.0,480000,-4.180108547210693
,,1587,948,9.43,,,,302,500.0,480000,
,,1587,952,9.43,,,,302,500.0,480000,
,,1587,956,9.43,,,,302,500.0,480000,
,,1587,960,9.43,,,,302,500.0,480000,
0.003,24334,1620,964,9.43,0.0019313786178827286,0.05922126770019531,-2.1800484657287598,302,500.0,490000,-18.128673553466797
,,1620,968,9.43,,,,302,500.0,490000,
,,1620,972,9.43,,,,302,500.0,490000,
,,1620,976,9.43,,,,302,500.0,490000,
,,1620,980,9.43,,,,302,500.0,490000,
0.003,24834,1653,984,2.48,0.0009706447599455714,0.2903970181941986,-3.682277202606201,302,500.0,500000,68.78438568115234
,,1653,988,2.48,,,,302,500.0,500000,
,,1653,992,2.48,,,,302,500.0,500000,
,,1653,996,2.48,,,,302,500.0,500000,
,,1653,1000,2.48,,,,302,500.0,500000,
0.003,25334,1687,1004,43.35,0.0013400402385741472,0.1647990196943283,-2.6862735748291016,302,500.0,510000,-19.90041160583496
,,1687,1008,43.35,,,,302,500.0,510000,
,,1687,1012,43.35,,,,302,500.0,510000,
,,1687,1016,43.35,,,,302,500.0,510000,
,,1687,1020,43.35,,,,302,500.0,510000,
0.003,25834,1720,1024,48.39,0.0025819793809205294,21.048267364501953,-2.721715211868286,302,500.0,520000,65.82997131347656
,,1720,1028,48.39,,,,302,500.0,520000,
,,1720,1032,48.39,,,,302,500.0,520000,
,,1720,1036,48.39,,,,302,500.0,520000,
,,1720,1040,48.39,,,,302,500.0,520000,
0.003,26334,1753,1044,48.2,0.002139667747542262,0.13305088877677917,-1.630599021911621,302,500.0,530000,-44.705047607421875
,,1753,1048,48.2,,,,302,500.0,530000,
,,1753,1052,48.2,,,,302,500.0,530000,
,,1753,1056,48.2,,,,302,500.0,530000,
,,1753,1060,48.2,,,,302,500.0,530000,
0.003,26834,1786,1064,50.07,0.0017147127073258162,0.16129595041275024,-3.1997172832489014,302,500.0,540000,-11.911639213562012
,,1786,1068,50.07,,,,302,500.0,540000,
,,1786,1072,50.07,,,,302,500.0,540000,
,,1786,1076,50.07,,,,302,500.0,540000,
,,1786,1080,50.07,,,,302,500.0,540000,
0.003,27334,1818,1084,47.78,0.0012667261762544513,0.35634130239486694,-3.027498722076416,302,500.0,550000,25.283674240112305
,,1818,1088,47.78,,,,302,500.0,550000,
,,1818,1092,47.78,,,,302,500.0,550000,
,,1818,1096,47.78,,,,302,500.0,550000,
,,1818,1100,47.78,,,,302,500.0,550000,
0.003,27834,1852,1104,10.41,0.001642198534682393,0.47824394702911377,-4.852776527404785,302,500.0,560000,-9.488481521606445
,,1852,1108,10.41,,,,302,500.0,560000,
,,1852,1112,10.41,,,,302,500.0,560000,
,,1852,1116,10.41,,,,302,500.0,560000,
,,1852,1120,10.41,,,,302,500.0,560000,
0.003,28334,1885,1124,11.7,0.001484222593717277,0.25538259744644165,-3.071108341217041,302,500.0,570000,-5.801291465759277
,,1885,1128,11.7,,,,302,500.0,570000,
,,1885,1132,11.7,,,,302,500.0,570000,
,,1885,1136,11.7,,,,302,500.0,570000,
,,1885,1140,11.7,,,,302,500.0,570000,
0.003,28834,1918,1144,24.19,0.0017056958749890327,0.099947988986969,-2.539097309112549,302,500.0,580000,-6.616843223571777
,,1918,1148,24.19,,,,302,500.0,580000,
,,1918,1152,24.19,,,,302,500.0,580000,
,,1918,1156,24.19,,,,302,500.0,580000,
,,1918,1160,24.19,,,,302,500.0,580000,
0.003,29334,1952,1164,30.72,0.002243052003905177,0.16598767042160034,-3.0253090858459473,302,500.0,590000,-32.13105392456055
,,1952,1168,30.72,,,,302,500.0,590000,
,,1952,1172,30.72,,,,302,500.0,590000,
,,1952,1176,30.72,,,,302,500.0,590000,
,,1952,1180,30.72,,,,302,500.0,590000,
0.003,29834,1986,1184,33.35,0.0020066320430487394,0.04701033979654312,-1.7885558605194092,302,500.0,600000,-25.713184356689453
,,1986,1188,33.35,,,,302,500.0,600000,
,,1986,1192,33.35,,,,302,500.0,600000,
,,1986,1196,33.35,,,,302,500.0,600000,
,,1986,1200,33.35,,,,302,500.0,600000,
0.003,30334,2019,1204,34.27,0.0014535802183672786,0.48690444231033325,-3.4828524589538574,302,500.0,610000,6.419960975646973
,,2019,1208,34.27,,,,302,500.0,610000,
,,2019,1212,34.27,,,,302,500.0,610000,
,,2019,1216,34.27,,,,302,500.0,610000,
,,2019,1220,34.27,,,,302,500.0,610000,
0.003,30834,2052,1224,27.98,0.0010052545694634318,7.34956169128418,-4.6768598556518555,302,500.0,620000,13.373063087463379
,,2052,1228,27.98,,,,302,500.0,620000,
,,2052,1232,27.98,,,,302,500.0,620000,
,,2052,1236,27.98,,,,302,500.0,620000,
,,2052,1240,27.98,,,,302,500.0,620000,
0.003,31334,2086,1244,15.49,0.0016638134839013219,0.1400553435087204,-3.667635440826416,301,500.0,630000,-1.6012883186340332
,,2086,1248,15.49,,,,301,500.0,630000,
,,2086,1252,15.49,,,,301,500.0,630000,
,,2086,1256,15.49,,,,301,500.0,630000,
,,2086,1260,15.49,,,,301,500.0,630000,
0.003,31834,2119,1264,20.77,0.0013251162599772215,1.1493043899536133,-2.765122175216675,302,500.0,640000,-6.835921287536621
,,2119,1268,20.77,,,,302,500.0,640000,
,,2119,1272,20.77,,,,302,500.0,640000,
,,2119,1276,20.77,,,,302,500.0,640000,
,,2119,1280,20.77,,,,302,500.0,640000,
0.003,32334,2152,1284,33.83,0.00158030167222023,0.07048751413822174,-2.7117059230804443,302,500.0,650000,3.7317800521850586
,,2152,1288,33.83,,,,302,500.0,650000,
,,2152,1292,33.83,,,,302,500.0,650000,
,,2152,1296,33.83,,,,302,500.0,650000,
,,2152,1300,33.83,,,,302,500.0,650000,
0.003,32834,2186,1304,33.6,0.001382374786771834,0.8031197786331177,-1.7119569778442383,301,500.0,660000,8.380328178405762
,,2186,1308,33.6,,,,301,500.0,660000,
,,2186,1312,33.6,,,,301,500.0,660000,
,,2186,1316,33.6,,,,301,500.0,660000,
,,2186,1320,33.6,,,,301,500.0,660000,
0.003,33334,2220,1324,55.42,0.0015439200215041637,0.10793845355510712,-3.0542149543762207,301,500.0,670000,-31.37265396118164
,,2220,1328,55.42,,,,301,500.0,670000,
,,2220,1332,55.42,,,,301,500.0,670000,
,,2220,1336,55.42,,,,301,500.0,670000,
,,2220,1340,55.42,,,,301,500.0,670000,
0.003,33834,2254,1344,65.46,0.00215381127782166,0.37797507643699646,-1.2664804458618164,301,500.0,680000,-24.61107635498047
,,2254,1348,65.46,,,,301,500.0,680000,
,,2254,1352,65.46,,,,301,500.0,680000,
,,2254,1356,65.46,,,,301,500.0,680000,
,,2254,1360,65.46,,,,301,500.0,680000,
0.003,34334,2287,1364,82.81,0.0015474342508241534,1.0116345882415771,-4.631038665771484,301,500.0,690000,1.063530683517456
,,2287,1368,82.81,,,,301,500.0,690000,
,,2287,1372,82.81,,,,301,500.0,690000,
,,2287,1376,82.81,,,,301,500.0,690000,
,,2287,1380,82.81,,,,301,500.0,690000,
0.003,34834,2321,1384,120.73,0.0029738261364400387,0.4405565857887268,-4.765979766845703,301,500.0,700000,-10.772783279418945
,,2321,1388,120.73,,,,301,500.0,700000,
,,2321,1392,120.73,,,,301,500.0,700000,
,,2321,1396,120.73,,,,301,500.0,700000,
,,2321,1400,120.73,,,,301,500.0,700000,
0.003,35334,2355,1404,165.1,0.0035990194883197546,1.1530367136001587,-4.430188179016113,301,500.0,710000,-3.1504640579223633
,,2355,1408,165.1,,,,301,500.0,710000,
,,2355,1412,165.1,,,,301,500.0,710000,
,,2355,1416,165.1,,,,301,500.0,710000,
,,2355,1420,165.1,,,,301,500.0,710000,
0.003,35834,2388,1424,148.63,0.0027304734103381634,0.2651355564594269,-4.909590721130371,301,500.0,720000,-15.1228666305542
,,2388,1428,148.63,,,,301,500.0,720000,
,,2388,1432,148.63,,,,301,500.0,720000,
,,2388,1436,148.63,,,,301,500.0,720000,
,,2388,1440,148.63,,,,301,500.0,720000,
0.003,36334,2422,1444,144.69,0.0035199946723878384,0.34529954195022583,-3.7665600776672363,301,500.0,730000,20.050796508789062
,,2422,1448,144.69,,,,301,500.0,730000,
,,2422,1452,144.69,,,,301,500.0,730000,
,,2422,1456,144.69,,,,301,500.0,730000,
,,2422,1460,144.69,,,,301,500.0,730000,
0.003,36834,2455,1464,136.8,0.003882847260683775,0.45736849308013916,-3.8571228981018066,301,500.0,740000,-9.908748626708984
,,2455,1468,136.8,,,,301,500.0,740000,
,,2455,1472,136.8,,,,301,500.0,740000,
,,2455,1476,136.8,,,,301,500.0,740000,
,,2455,1480,136.8,,,,301,500.0,740000,
0.003,37334,2489,1484,97.85,0.0023120029363781214,0.18170993030071259,-3.9674270153045654,301,500.0,750000,8.279216766357422
,,2489,1488,97.85,,,,301,500.0,750000,
,,2489,1492,97.85,,,,301,500.0,750000,
,,2489,1496,97.85,,,,301,500.0,750000,
,,2489,1500,97.85,,,,301,500.0,750000,
0.003,37834,2522,1504,64.74,0.0025137285701930523,0.3431178629398346,-4.9766845703125,301,500.0,760000,8.992484092712402
,,2522,1508,64.74,,,,301,500.0,760000,
,,2522,1512,64.74,,,,301,500.0,760000,
,,2522,1516,64.74,,,,301,500.0,760000,
,,2522,1520,64.74,,,,301,500.0,760000,
0.003,38334,2555,1524,118.1,0.003904320765286684,1.8273382186889648,-8.178174018859863,301,500.0,770000,4.734874725341797
,,2555,1528,118.1,,,,301,500.0,770000,
,,2555,1532,118.1,,,,301,500.0,770000,
,,2555,1536,118.1,,,,301,500.0,770000,
,,2555,1540,118.1,,,,301,500.0,770000,
0.003,38834,2589,1544,175.52,0.004120040684938431,0.7338796257972717,-5.77534294128418,301,500.0,780000,-12.960649490356445
,,2589,1548,175.52,,,,301,500.0,780000,
,,2589,1552,175.52,,,,301,500.0,780000,
,,2589,1556,175.52,,,,301,500.0,780000,
,,2589,1560,175.52,,,,301,500.0,780000,
0.003,39334,2622,1564,198.63,0.0038536686915904284,0.38305163383483887,-6.431559085845947,301,500.0,790000,-4.3653130531311035
,,2622,1568,198.63,,,,301,500.0,790000,
,,2622,1572,198.63,,,,301,500.0,790000,
,,2622,1576,198.63,,,,301,500.0,790000,
,,2622,1580,198.63,,,,301,500.0,790000,
0.003,39834,2656,1584,183.97,0.004695428069680929,0.45881691575050354,-9.17692756652832,301,500.0,800000,6.952558994293213
,,2656,1588,183.97,,,,301,500.0,800000,
,,2656,1592,183.97,,,,301,500.0,800000,
,,2656,1596,183.97,,,,301,500.0,800000,
,,2656,1600,183.97,,,,301,500.0,800000,
0.003,40334,2689,1604,201.85,0.004516552668064833,3.762477159500122,-8.217752456665039,301,500.0,810000,0.4022812843322754
,,2689,1608,201.85,,,,301,500.0,810000,
,,2689,1612,201.85,,,,301,500.0,810000,
,,2689,1616,201.85,,,,301,500.0,810000,
,,2689,1620,201.85,,,,301,500.0,810000,
0.003,40834,2723,1624,184.87,0.0036521886941045523,0.8184842467308044,-6.773818492889404,301,500.0,820000,-7.718282699584961
,,2723,1628,184.87,,,,301,500.0,820000,
,,2723,1632,184.87,,,,301,500.0,820000,
,,2723,1636,184.87,,,,301,500.0,820000,
,,2723,1640,184.87,,,,301,500.0,820000,
0.003,41334,2756,1644,141.31,0.004232203122228384,0.6167604923248291,-7.641335487365723,301,500.0,830000,5.137953281402588
,,2756,1648,141.31,,,,301,500.0,830000,
,,2756,1652,141.31,,,,301,500.0,830000,
,,2756,1656,141.31,,,,301,500.0,830000,
,,2756,1660,141.31,,,,301,500.0,830000,
0.003,41834,2790,1664,107.26,0.0038528696168214083,0.37063151597976685,-5.304141044616699,301,500.0,840000,3.2933008670806885
,,2790,1668,107.26,,,,301,500.0,840000,
,,2790,1672,107.26,,,,301,500.0,840000,
,,2790,1676,107.26,,,,301,500.0,840000,
,,2790,1680,107.26,,,,301,500.0,840000,
0.003,42334,2823,1684,141.49,0.0031224125996232033,0.7349255681037903,-8.690435409545898,301,500.0,850000,0.4977719783782959
,,2823,1688,141.49,,,,301,500.0,850000,
,,2823,1692,141.49,,,,301,500.0,850000,
,,2823,1696,141.49,,,,301,500.0,850000,
,,2823,1700,141.49,,,,301,500.0,850000,
0.003,42834,2855,1704,116.99,0.0064132334664464,0.42549335956573486,-8.93843936920166,301,500.0,860000,-11.063057899475098
,,2855,1708,116.99,,,,301,500.0,860000,
,,2855,1712,116.99,,,,301,500.0,860000,
,,2855,1716,116.99,,,,301,500.0,860000,
,,2855,1720,116.99,,,,301,500.0,860000,
0.003,43334,2889,1724,111.09,0.005952790379524231,0.3204275369644165,-10.585441589355469,301,500.0,870000,9.951339721679688
,,2889,1728,111.09,,,,301,500.0,870000,
,,2889,1732,111.09,,,,301,500.0,870000,
,,2889,1736,111.09,,,,301,500.0,870000,
,,2889,1740,111.09,,,,301,500.0,870000,
0.003,43834,2922,1744,125.09,0.004874279722571373,0.3974222242832184,-10.77363395690918,301,500.0,880000,19.397293090820312
,,2922,1748,125.09,,,,301,500.0,880000,
,,2922,1752,125.09,,,,301,500.0,880000,
,,2922,1756,125.09,,,,301,500.0,880000,
,,2922,1760,125.09,,,,301,500.0,880000,
0.003,44334,2956,1764,150.21,0.003999809268862009,0.32977592945098877,-9.327860832214355,301,500.0,890000,-5.460149765014648
,,2956,1768,150.21,,,,301,500.0,890000,
,,2956,1772,150.21,,,,301,500.0,890000,
,,2956,1776,150.21,,,,301,500.0,890000,
,,2956,1780,150.21,,,,301,500.0,890000,
0.003,44834,2989,1784,175.02,0.004281733650714159,1.1182256937026978,-13.399028778076172,301,500.0,900000,12.28663158416748
,,2989,1788,175.02,,,,301,500.0,900000,
,,2989,1792,175.02,,,,301,500.0,900000,
,,2989,1796,175.02,,,,301,500.0,900000,
,,2989,1800,175.02,,,,301,500.0,900000,
0.003,45334,3022,1804,210.47,0.004994231276214123,0.4075546860694885,-12.10483169555664,301,500.0,910000,15.73342514038086
,,3022,1808,210.47,,,,301,500.0,910000,
,,3022,1812,210.47,,,,301,500.0,910000,
,,3022,1816,210.47,,,,301,500.0,910000,
,,3022,1820,210.47,,,,301,500.0,910000,
0.003,45834,3055,1824,188.07,0.00598936015740037,0.4346281886100769,-8.256711959838867,301,500.0,920000,4.101566314697266
,,3055,1828,188.07,,,,301,500.0,920000,
,,3055,1832,188.07,,,,301,500.0,920000,
,,3055,1836,188.07,,,,301,500.0,920000,
,,3055,1840,188.07,,,,301,500.0,920000,
0.003,46334,3089,1844,158.9,0.004579073283821344,0.6089341044425964,-10.86581802368164,301,500.0,930000,2.393099784851074
,,3089,1848,158.9,,,,301,500.0,930000,
,,3089,1852,158.9,,,,301,500.0,930000,
,,3089,1856,158.9,,,,301,500.0,930000,
,,3089,1860,158.9,,,,301,500.0,930000,
0.003,46834,3122,1864,127.21,0.005127609707415104,1.751488208770752,-11.778343200683594,301,500.0,940000,-2.6383395195007324
,,3122,1868,127.21,,,,301,500.0,940000,
,,3122,1872,127.21,,,,301,500.0,940000,
,,3122,1876,127.21,,,,301,500.0,940000,
,,3122,1880,127.21,,,,301,500.0,940000,
0.003,47334,3155,1884,111.58,0.006056205835193396,0.36627909541130066,-11.587675094604492,301,500.0,950000,-12.934926986694336
,,3155,1888,111.58,,,,301,500.0,950000,
,,3155,1892,111.58,,,,301,500.0,950000,
,,3155,1896,111.58,,,,301,500.0,950000,
,,3155,1900,111.58,,,,301,500.0,950000,
0.003,47834,3189,1904,111.95,0.005367670673877001,0.6860595345497131,-11.676074981689453,301,500.0,960000,12.122146606445312
,,3189,1908,111.95,,,,301,500.0,960000,
,,3189,1912,111.95,,,,301,500.0,960000,
,,3189,1916,111.95,,,,301,500.0,960000,
,,3189,1920,111.95,,,,301,500.0,960000,
0.003,48334,3221,1924,138.63,0.005873946938663721,1.3813631534576416,-12.588249206542969,301,500.0,970000,1.6288783550262451
,,3221,1928,138.63,,,,301,500.0,970000,
,,3221,1932,138.63,,,,301,500.0,970000,
,,3221,1936,138.63,,,,301,500.0,970000,
,,3221,1940,138.63,,,,301,500.0,970000,
0.003,48834,3254,1944,158.3,0.005044898949563503,0.5055409073829651,-9.732542991638184,301,500.0,980000,6.135274410247803
,,3254,1948,158.3,,,,301,500.0,980000,
,,3254,1952,158.3,,,,301,500.0,980000,
,,3254,1956,158.3,,,,301,500.0,980000,
,,3254,1960,158.3,,,,301,500.0,980000,
0.003,49334,3288,1964,197.25,0.003877030685544014,0.4709228277206421,-10.221536636352539,301,500.0,990000,-20.622447967529297
,,3288,1968,197.25,,,,301,500.0,990000,
,,3288,1972,197.25,,,,301,500.0,990000,
,,3288,1976,197.25,,,,301,500.0,990000,
,,3288,1980,197.25,,,,301,500.0,990000,
0.003,49834,3322,1984,187.57,0.003879726864397526,0.5252183079719543,-17.918167114257812,301,500.0,1000000,-15.46562385559082
,,3322,1988,187.57,,,,301,500.0,1000000,
,,3322,1992,187.57,,,,301,500.0,1000000,
,,3322,1996,187.57,,,,301,500.0,1000000,
,,3322,2000,187.57,,,,301,500.0,1000000,
