rollout/ep_len_mean,time/fps,rollout/ep_rew_mean,time/total_timesteps,train/actor_loss,train/n_updates,train/critic_loss,train/ent_coef_loss,time/time_elapsed,time/episodes,train/ent_coef,train/learning_rate
500.0,461,0.0,10000,-12.099987983703613,334,0.08263516426086426,-2.947631359100342,21,4,0.7788696885108948,0.00075
500.0,461,0.0,10000,,,,,21,8,,
500.0,461,0.0,10000,,,,,21,12,,
500.0,461,0.0,10000,,,,,21,16,,
500.0,461,0.0,10000,,,,,21,20,,
500.0,421,0.0,20000,-15.997323989868164,834,0.0462363138794899,-7.350155353546143,47,24,0.5352386832237244,0.00075
500.0,421,0.0,20000,,,,,47,28,,
500.0,421,0.0,20000,,,,,47,32,,
500.0,421,0.0,20000,,,,,47,36,,
500.0,420,0.0,20000,,,,,47,40,,
500.0,412,0.0,30000,-18.795326232910156,1334,2.3748779296875,-11.819442749023438,72,44,0.3678578734397888,0.00075
500.0,412,0.0,30000,,,,,72,48,,
500.0,412,0.0,30000,,,,,72,52,,
500.0,412,0.0,30000,,,,,72,56,,
500.0,412,0.0,30000,,,,,72,60,,
500.0,408,0.0,40000,-20.71893310546875,1834,0.021552715450525284,-16.16514778137207,97,64,0.25281962752342224,0.00075
500.0,408,0.0,40000,,,,,97,68,,
500.0,408,0.0,40000,,,,,97,72,,
500.0,408,0.0,40000,,,,,97,76,,
500.0,408,0.0,40000,,,,,97,80,,
500.0,407,0.0,50000,-21.83021354675293,2334,0.014911090023815632,-20.443641662597656,122,84,0.17379452288150787,0.00075
500.0,407,0.0,50000,,,,,122,88,,
500.0,407,0.0,50000,,,,,122,92,,
500.0,407,0.0,50000,,,,,122,96,,
500.0,407,0.0,50000,,,,,122,100,,
500.0,406,0.0,60000,-22.421005249023438,2834,0.01740529015660286,-24.94670867919922,147,104,0.11953181773424149,0.00075
500.0,406,0.0,60000,,,,,147,108,,
500.0,406,0.0,60000,,,,,147,112,,
500.0,406,0.0,60000,,,,,147,116,,
500.0,406,0.0,60000,,,,,147,120,,
500.0,405,0.0,70000,-22.252973556518555,3334,3.4978976249694824,-29.3652286529541,172,124,0.08228795975446701,0.00075
500.0,405,0.0,70000,,,,,172,128,,
500.0,405,0.0,70000,,,,,172,132,,
500.0,405,0.0,70000,,,,,172,136,,
500.0,405,0.0,70000,,,,,172,140,,
500.0,403,0.0,80000,-22.08987808227539,3834,0.041272152215242386,-33.10540008544922,198,144,0.056757304817438126,0.00075
500.0,403,0.0,80000,,,,,198,148,,
500.0,403,0.0,80000,,,,,198,152,,
500.0,403,0.0,80000,,,,,198,156,,
500.0,403,0.0,80000,,,,,198,160,,
500.0,403,0.0,90000,-21.895923614501953,4334,0.029978133738040924,-36.842185974121094,223,164,0.03930387645959854,0.00075
500.0,403,0.0,90000,,,,,223,168,,
500.0,403,0.0,90000,,,,,223,172,,
500.0,403,0.0,90000,,,,,223,176,,
500.0,403,0.0,90000,,,,,223,180,,
500.0,401,0.0,100000,-21.325454711914062,4834,0.06824352592229843,-35.95488739013672,248,184,0.02741108648478985,0.00075
500.0,401,0.0,100000,,,,,248,188,,
500.0,401,0.0,100000,,,,,248,192,,
500.0,401,0.0,100000,,,,,248,196,,
500.0,401,0.0,100000,,,,,248,200,,
500.0,400,0.65,110000,-20.589229583740234,5334,0.08347272872924805,-38.70085906982422,274,204,0.019300421699881554,0.00075
500.0,400,0.65,110000,,,,,274,208,,
500.0,400,0.65,110000,,,,,274,212,,
500.0,400,0.65,110000,,,,,274,216,,
500.0,400,0.65,110000,,,,,274,220,,
500.0,399,0.65,120000,-20.503467559814453,5834,2.4383761882781982,-29.369644165039062,300,224,0.013803604990243912,0.00075
500.0,399,0.65,120000,,,,,300,228,,
500.0,399,0.65,120000,,,,,300,232,,
500.0,399,0.65,120000,,,,,300,236,,
500.0,399,0.65,120000,,,,,300,240,,
500.0,398,0.65,130000,-20.05624771118164,6334,0.04384999722242355,-39.512062072753906,325,244,0.01009327732026577,0.00075
500.0,398,0.65,130000,,,,,325,248,,
500.0,398,0.65,130000,,,,,325,252,,
500.0,398,0.65,130000,,,,,325,256,,
500.0,398,0.65,130000,,,,,325,260,,
500.0,396,3.71,140000,-19.613792419433594,6834,0.03167801722884178,-26.56411361694336,353,264,0.007603554520756006,0.00075
500.0,396,3.71,140000,,,,,353,268,,
500.0,396,3.71,140000,,,,,353,272,,
500.0,396,3.71,140000,,,,,353,276,,
500.0,396,3.71,140000,,,,,353,280,,
500.0,396,4.08,150000,-18.846664428710938,7334,0.02948603965342045,-22.70583724975586,378,284,0.005852031521499157,0.00075
500.0,396,4.08,150000,,,,,378,288,,
500.0,396,4.08,150000,,,,,378,292,,
500.0,396,4.08,150000,,,,,378,296,,
500.0,396,4.08,150000,,,,,378,300,,
500.0,394,3.43,160000,-18.499486923217773,7834,0.04185521602630615,-19.307048797607422,405,304,0.004625739064067602,0.00075
500.0,394,3.43,160000,,,,,405,308,,
500.0,394,3.43,160000,,,,,405,312,,
500.0,394,3.43,160000,,,,,405,316,,
500.0,394,3.43,160000,,,,,405,320,,
500.0,393,3.43,170000,-17.927906036376953,8334,0.040050748735666275,-13.188004493713379,431,324,0.0038729654625058174,0.00075
500.0,393,3.43,170000,,,,,431,328,,
500.0,393,3.43,170000,,,,,431,332,,
500.0,393,3.43,170000,,,,,431,336,,
500.0,393,3.43,170000,,,,,431,340,,
500.0,393,4.1,180000,-17.538766860961914,8834,0.03673965483903885,-5.266709327697754,457,344,0.003408986609429121,0.00075
500.0,393,4.1,180000,,,,,457,348,,
500.0,393,4.1,180000,,,,,457,352,,
500.0,393,4.1,180000,,,,,457,356,,
500.0,393,4.1,180000,,,,,457,360,,
500.0,392,1.04,190000,-17.19751739501953,9334,0.0605321079492569,-2.1653237342834473,484,364,0.003119076369330287,0.00075
500.0,392,1.04,190000,,,,,484,368,,
500.0,392,1.04,190000,,,,,484,372,,
500.0,392,1.04,190000,,,,,484,376,,
500.0,392,1.04,190000,,,,,484,380,,
500.0,390,0.85,200000,-16.787967681884766,9834,5.024013519287109,0.8553140163421631,511,384,0.00282071391120553,0.00075
500.0,390,0.85,200000,,,,,511,388,,
500.0,390,0.85,200000,,,,,511,392,,
500.0,390,0.85,200000,,,,,511,396,,
500.0,390,0.85,200000,,,,,511,400,,
500.0,389,0.85,210000,-16.74468231201172,10334,0.017559867352247238,25.549156188964844,539,404,0.0027552619576454163,0.00075
500.0,389,0.85,210000,,,,,539,408,,
500.0,389,0.85,210000,,,,,539,412,,
500.0,389,0.85,210000,,,,,539,416,,
500.0,389,0.85,210000,,,,,539,420,,
500.0,387,3.51,220000,-16.323230743408203,10834,0.08000203967094421,3.3414154052734375,567,424,0.002799405250698328,0.00075
500.0,387,3.51,220000,,,,,567,428,,
500.0,387,3.51,220000,,,,,567,432,,
500.0,387,3.51,220000,,,,,567,436,,
500.0,387,3.51,220000,,,,,567,440,,
500.0,386,2.84,230000,-15.577239036560059,11334,0.054210763424634933,-8.34583854675293,594,444,0.0025077005848288536,0.00075
500.0,386,2.84,230000,,,,,594,448,,
500.0,386,2.84,230000,,,,,594,452,,
500.0,386,2.84,230000,,,,,594,456,,
500.0,386,2.84,230000,,,,,594,460,,
500.0,385,6.29,240000,-15.457930564880371,11834,1.3949613571166992,15.913626670837402,621,464,0.0025730293709784746,0.00075
500.0,385,6.29,240000,,,,,621,468,,
500.0,385,6.29,240000,,,,,621,472,,
500.0,385,6.29,240000,,,,,621,476,,
500.0,385,6.29,240000,,,,,621,480,,
500.0,385,6.11,250000,-15.23978042602539,12334,0.030249036848545074,1.9058489799499512,648,484,0.0026033706963062286,0.00075
500.0,385,6.11,250000,,,,,648,488,,
500.0,385,6.11,250000,,,,,648,492,,
500.0,385,6.11,250000,,,,,648,496,,
500.0,385,6.11,250000,,,,,648,500,,
500.0,385,6.11,260000,-14.795696258544922,12834,2.3313028812408447,0.24902129173278809,675,504,0.0025295582599937916,0.00075
500.0,385,6.11,260000,,,,,675,508,,
500.0,385,6.11,260000,,,,,675,512,,
500.0,385,6.11,260000,,,,,675,516,,
500.0,385,6.11,260000,,,,,675,520,,
500.0,384,5.78,270000,-14.413169860839844,13334,0.02162873186171055,-4.313188552856445,701,524,0.0027127587236464024,0.00075
500.0,384,5.78,270000,,,,,701,528,,
500.0,384,5.78,270000,,,,,701,532,,
500.0,384,5.78,270000,,,,,701,536,,
500.0,384,5.78,270000,,,,,701,540,,
500.0,384,5.78,280000,-14.271305084228516,13834,0.012288151308894157,-3.4521098136901855,727,544,0.002619500271975994,0.00075
500.0,384,5.78,280000,,,,,727,548,,
500.0,384,5.78,280000,,,,,727,552,,
500.0,384,5.78,280000,,,,,727,556,,
500.0,384,5.78,280000,,,,,727,560,,
500.0,384,2.56,290000,-14.122452735900879,14334,0.03787103295326233,-1.6261944770812988,753,564,0.0024307959247380495,0.00075
500.0,384,2.56,290000,,,,,753,568,,
500.0,384,2.56,290000,,,,,753,572,,
500.0,384,2.56,290000,,,,,753,576,,
500.0,384,2.56,290000,,,,,753,580,,
500.0,384,2.58,300000,-13.489397048950195,14834,0.017446767538785934,6.629119873046875,780,584,0.002607807284221053,0.00075
500.0,384,2.58,300000,,,,,780,588,,
500.0,384,2.58,300000,,,,,780,592,,
500.0,384,2.58,300000,,,,,780,596,,
500.0,384,2.58,300000,,,,,780,600,,
500.0,384,2.58,310000,-13.439489364624023,15334,1.6979918479919434,14.303411483764648,806,604,0.002627772046253085,0.00075
500.0,384,2.58,310000,,,,,806,608,,
500.0,384,2.58,310000,,,,,806,612,,
500.0,384,2.58,310000,,,,,806,616,,
500.0,384,2.58,310000,,,,,806,620,,
500.0,384,0.25,320000,-13.283590316772461,15834,0.014330441132187843,-11.307287216186523,832,624,0.003161269472911954,0.00075
500.0,384,0.25,320000,,,,,832,628,,
500.0,384,0.25,320000,,,,,832,632,,
500.0,384,0.25,320000,,,,,832,636,,
500.0,384,0.25,320000,,,,,832,640,,
500.0,384,1.43,330000,-12.638526916503906,16334,0.023774344474077225,-11.494186401367188,858,644,0.0027007570024579763,0.00075
500.0,384,1.43,330000,,,,,858,648,,
500.0,384,1.43,330000,,,,,858,652,,
500.0,384,1.43,330000,,,,,858,656,,
500.0,384,1.43,330000,,,,,858,660,,
500.0,384,6.13,340000,-12.725210189819336,16834,0.01636151596903801,-12.886018753051758,885,664,0.0021981438621878624,0.00075
500.0,384,6.13,340000,,,,,885,668,,
500.0,384,6.13,340000,,,,,885,672,,
500.0,384,6.13,340000,,,,,885,676,,
500.0,384,6.13,340000,,,,,885,680,,
500.0,384,6.92,350000,-12.35107135772705,17334,0.042964257299900055,-1.853129506111145,910,684,0.002131099347025156,0.00075
500.0,384,6.92,350000,,,,,910,688,,
500.0,384,6.92,350000,,,,,910,692,,
500.0,384,6.92,350000,,,,,910,696,,
500.0,384,6.92,350000,,,,,910,700,,
500.0,384,10.93,360000,-11.780550003051758,17834,1.499518871307373,49.26115417480469,936,704,0.002067535649985075,0.00075
500.0,384,10.93,360000,,,,,936,708,,
500.0,384,10.93,360000,,,,,936,712,,
500.0,384,10.93,360000,,,,,936,716,,
500.0,384,10.93,360000,,,,,936,720,,
500.0,384,21.55,370000,-12.01585865020752,18334,0.02203921414911747,-6.831548690795898,962,724,0.0020420746877789497,0.00075
500.0,384,21.55,370000,,,,,962,728,,
500.0,384,21.55,370000,,,,,962,732,,
500.0,384,21.55,370000,,,,,962,736,,
500.0,384,21.55,370000,,,,,962,740,,
500.0,384,20.37,380000,-11.882691383361816,18834,0.022955579683184624,6.388177871704102,988,744,0.0023632722441107035,0.00075
500.0,384,20.37,380000,,,,,988,748,,
500.0,384,20.37,380000,,,,,988,752,,
500.0,384,20.37,380000,,,,,988,756,,
500.0,384,20.37,380000,,,,,988,760,,
500.0,384,15.44,390000,-10.770183563232422,19334,1.05879545211792,4.289395332336426,1014,764,0.002444667974486947,0.00075
500.0,384,15.44,390000,,,,,1014,768,,
500.0,384,15.44,390000,,,,,1014,772,,
500.0,384,15.44,390000,,,,,1014,776,,
500.0,384,15.44,390000,,,,,1014,780,,
500.0,384,14.63,400000,-11.17802906036377,19834,0.24669063091278076,4.239518165588379,1040,784,0.002498368266969919,0.00075
500.0,384,14.63,400000,,,,,1040,788,,
500.0,384,14.63,400000,,,,,1040,792,,
500.0,384,14.63,400000,,,,,1040,796,,
500.0,384,14.63,400000,,,,,1040,800,,
500.0,384,14.97,410000,-10.490997314453125,20334,0.9600794315338135,-16.464815139770508,1065,804,0.0026441558729857206,0.00075
500.0,384,14.97,410000,,,,,1065,808,,
500.0,384,14.97,410000,,,,,1065,812,,
500.0,384,14.97,410000,,,,,1065,816,,
500.0,384,14.97,410000,,,,,1065,820,,
500.0,385,7.85,420000,-10.481228828430176,20834,0.015583720989525318,2.842133045196533,1090,824,0.002497475128620863,0.00075
500.0,385,7.85,420000,,,,,1090,828,,
500.0,385,7.85,420000,,,,,1090,832,,
500.0,385,7.85,420000,,,,,1090,836,,
500.0,385,7.85,420000,,,,,1090,840,,
500.0,384,8.6,430000,-10.599750518798828,21334,0.03459703177213669,4.406713008880615,1117,844,0.0027357619255781174,0.00075
500.0,384,8.6,430000,,,,,1117,848,,
500.0,384,8.6,430000,,,,,1117,852,,
500.0,384,8.6,430000,,,,,1117,856,,
500.0,384,8.6,430000,,,,,1117,860,,
500.0,384,11.85,440000,-10.740880966186523,21834,0.0161532461643219,-3.4053494930267334,1143,864,0.002684069564566016,0.00075
500.0,384,11.85,440000,,,,,1143,868,,
500.0,384,11.85,440000,,,,,1143,872,,
500.0,384,11.85,440000,,,,,1143,876,,
500.0,384,11.85,440000,,,,,1143,880,,
500.0,384,14.15,450000,-9.935685157775879,22334,0.01778830774128437,-6.46695613861084,1169,884,0.0025683604180812836,0.00075
500.0,384,14.15,450000,,,,,1169,888,,
500.0,384,14.15,450000,,,,,1169,892,,
500.0,384,14.15,450000,,,,,1169,896,,
500.0,384,14.15,450000,,,,,1169,900,,
500.0,384,15.1,460000,-9.825222969055176,22834,0.036261774599552155,12.269182205200195,1196,904,0.0027768623549491167,0.00075
500.0,384,15.1,460000,,,,,1196,908,,
500.0,384,15.1,460000,,,,,1196,912,,
500.0,384,15.1,460000,,,,,1196,916,,
500.0,384,15.1,460000,,,,,1196,920,,
500.0,384,12.08,470000,-10.348125457763672,23334,0.027721844613552094,-2.1905019283294678,1222,924,0.002617614809423685,0.00075
500.0,384,12.08,470000,,,,,1222,928,,
500.0,384,12.08,470000,,,,,1222,932,,
500.0,384,12.08,470000,,,,,1222,936,,
500.0,384,12.08,470000,,,,,1222,940,,
500.0,384,11.33,480000,-9.612239837646484,23834,0.6989579200744629,-4.71644401550293,1247,944,0.002894336823374033,0.00075
500.0,384,11.33,480000,,,,,1247,948,,
500.0,384,11.33,480000,,,,,1247,952,,
500.0,384,11.33,480000,,,,,1247,956,,
500.0,384,11.33,480000,,,,,1247,960,,
500.0,384,11.59,490000,-9.36892318725586,24334,0.06386144459247589,5.511614799499512,1272,964,0.002812337828800082,0.00075
500.0,384,11.59,490000,,,,,1272,968,,
500.0,384,11.59,490000,,,,,1272,972,,
500.0,384,11.59,490000,,,,,1272,976,,
500.0,384,11.59,490000,,,,,1272,980,,
500.0,384,25.56,500000,-9.86939811706543,24834,0.3906906843185425,8.725564002990723,1299,984,0.002774022286757827,0.00075
500.0,384,25.56,500000,,,,,1299,988,,
500.0,384,25.56,500000,,,,,1299,992,,
500.0,384,25.56,500000,,,,,1299,996,,
500.0,384,25.56,500000,,,,,1299,1000,,
500.0,384,20.94,510000,-9.32375717163086,25334,0.14255955815315247,-3.973593235015869,1325,1004,0.003018028102815151,0.00075
500.0,384,20.94,510000,,,,,1325,1008,,
500.0,384,20.94,510000,,,,,1325,1012,,
500.0,384,20.94,510000,,,,,1325,1016,,
500.0,384,20.94,510000,,,,,1325,1020,,
500.0,385,20.46,520000,-9.678693771362305,25834,0.2423587143421173,7.086758613586426,1350,1024,0.0032096041832119226,0.00075
500.0,385,20.46,520000,,,,,1350,1028,,
500.0,385,20.46,520000,,,,,1350,1032,,
500.0,385,20.46,520000,,,,,1350,1036,,
500.0,385,20.46,520000,,,,,1350,1040,,
500.0,385,29.42,530000,-8.51278305053711,26334,0.037860602140426636,-5.939176559448242,1376,1044,0.0033310623839497566,0.00075
500.0,385,29.42,530000,,,,,1376,1048,,
500.0,385,29.42,530000,,,,,1376,1052,,
500.0,385,29.42,530000,,,,,1376,1056,,
500.0,385,29.42,530000,,,,,1376,1060,,
500.0,384,34.48,540000,-9.903799057006836,26834,0.05087818205356598,9.53550910949707,1403,1064,0.0030915129464119673,0.00075
500.0,384,34.48,540000,,,,,1403,1068,,
500.0,384,34.48,540000,,,,,1403,1072,,
500.0,384,34.48,540000,,,,,1403,1076,,
500.0,384,34.48,540000,,,,,1403,1080,,
500.0,384,31.54,550000,-9.534076690673828,27334,0.14497920870780945,-7.710010051727295,1428,1084,0.0037666610442101955,0.00075
500.0,384,31.54,550000,,,,,1428,1088,,
500.0,384,31.54,550000,,,,,1428,1092,,
500.0,384,31.54,550000,,,,,1428,1096,,
500.0,384,31.54,550000,,,,,1428,1100,,
500.0,384,35.67,560000,-8.193588256835938,27834,0.044029805809259415,18.072105407714844,1454,1104,0.003487291745841503,0.00075
500.0,384,35.67,560000,,,,,1454,1108,,
500.0,384,35.67,560000,,,,,1454,1112,,
500.0,384,35.67,560000,,,,,1454,1116,,
500.0,384,35.67,560000,,,,,1454,1120,,
500.0,385,44.43,570000,-9.988990783691406,28334,0.11713685840368271,13.623367309570312,1479,1124,0.0033953124657273293,0.00075
500.0,385,44.43,570000,,,,,1479,1128,,
500.0,385,44.43,570000,,,,,1479,1132,,
500.0,385,44.43,570000,,,,,1479,1136,,
500.0,385,44.43,570000,,,,,1479,1140,,
500.0,385,44.32,580000,-9.602629661560059,28834,0.25121551752090454,-1.8063002824783325,1504,1144,0.0034221233800053596,0.00075
500.0,385,44.32,580000,,,,,1504,1148,,
500.0,385,44.32,580000,,,,,1504,1152,,
500.0,385,44.32,580000,,,,,1504,1156,,
500.0,385,44.32,580000,,,,,1504,1160,,
500.0,385,39.93,590000,-9.93522834777832,29334,0.08011716604232788,8.406194686889648,1529,1164,0.0037117120809853077,0.00075
500.0,385,39.93,590000,,,,,1529,1168,,
500.0,385,39.93,590000,,,,,1529,1172,,
500.0,385,39.93,590000,,,,,1529,1176,,
500.0,385,39.93,590000,,,,,1529,1180,,
500.0,385,33.98,600000,-10.017339706420898,29834,0.04446281120181084,2.0494399070739746,1555,1184,0.0036645899526774883,0.00075
500.0,385,33.98,600000,,,,,1555,1188,,
500.0,385,33.98,600000,,,,,1555,1192,,
500.0,385,33.98,600000,,,,,1555,1196,,
500.0,385,33.98,600000,,,,,1555,1200,,
500.0,385,43.38,610000,-10.035282135009766,30334,0.2531428337097168,0.9338713884353638,1581,1204,0.003577341791242361,0.00075
500.0,385,43.38,610000,,,,,1581,1208,,
500.0,385,43.38,610000,,,,,1581,1212,,
500.0,385,43.38,610000,,,,,1581,1216,,
500.0,385,43.38,610000,,,,,1581,1220,,
500.0,385,54.83,620000,-11.01040267944336,30834,0.5781188011169434,2.566610813140869,1608,1224,0.004050930961966515,0.00075
500.0,385,54.83,620000,,,,,1608,1228,,
500.0,385,54.83,620000,,,,,1608,1232,,
500.0,385,54.83,620000,,,,,1608,1236,,
500.0,385,54.83,620000,,,,,1608,1240,,
500.0,385,69.5,630000,-11.045770645141602,31334,0.6698338985443115,15.160572052001953,1634,1244,0.003923540003597736,0.00075
500.0,385,69.5,630000,,,,,1634,1248,,
500.0,385,69.5,630000,,,,,1634,1252,,
500.0,385,69.5,630000,,,,,1634,1256,,
500.0,385,69.5,630000,,,,,1634,1260,,
500.0,385,73.75,640000,-10.344147682189941,31834,0.05951649695634842,11.187004089355469,1659,1264,0.0038306009955704212,0.00075
500.0,385,73.75,640000,,,,,1659,1268,,
500.0,385,73.75,640000,,,,,1659,1272,,
500.0,385,73.75,640000,,,,,1659,1276,,
500.0,385,73.75,640000,,,,,1659,1280,,
500.0,385,93.2,650000,-11.251246452331543,32334,0.2794477939605713,11.555928230285645,1685,1284,0.003972635138779879,0.00075
500.0,385,93.2,650000,,,,,1685,1288,,
500.0,385,93.2,650000,,,,,1685,1292,,
500.0,385,93.2,650000,,,,,1685,1296,,
500.0,385,93.2,650000,,,,,1685,1300,,
500.0,385,80.58,660000,-9.59107494354248,32834,0.30502089858055115,-9.678264617919922,1710,1304,0.004345384426414967,0.00075
500.0,385,80.58,660000,,,,,1710,1308,,
500.0,385,80.58,660000,,,,,1710,1312,,
500.0,385,80.58,660000,,,,,1710,1316,,
500.0,385,80.58,660000,,,,,1710,1320,,
500.0,386,79.55,670000,-9.63894271850586,33334,0.10204381495714188,-0.8353160619735718,1735,1324,0.004619736690074205,0.00075
500.0,386,79.55,670000,,,,,1735,1328,,
500.0,386,79.55,670000,,,,,1735,1332,,
500.0,386,79.55,670000,,,,,1735,1336,,
500.0,386,79.55,670000,,,,,1735,1340,,
500.0,386,77.92,680000,-10.226871490478516,33834,0.05827684700489044,-1.0452892780303955,1761,1344,0.00479789637029171,0.00075
500.0,386,77.92,680000,,,,,1761,1348,,
500.0,386,77.92,680000,,,,,1761,1352,,
500.0,386,77.92,680000,,,,,1761,1356,,
500.0,386,77.92,680000,,,,,1761,1360,,
500.0,386,113.0,690000,-10.916985511779785,34334,0.19249413907527924,0.4491099715232849,1787,1364,0.0054209972731769085,0.00075
500.0,386,113.0,690000,,,,,1787,1368,,
500.0,386,113.0,690000,,,,,1787,1372,,
500.0,386,113.0,690000,,,,,1787,1376,,
500.0,386,113.0,690000,,,,,1787,1380,,
500.0,385,144.58,700000,-14.372486114501953,34834,0.28723931312561035,3.467036724090576,1813,1384,0.0063850595615804195,0.00075
500.0,385,144.58,700000,,,,,1813,1388,,
500.0,385,144.58,700000,,,,,1813,1392,,
500.0,385,144.58,700000,,,,,1813,1396,,
500.0,385,144.58,700000,,,,,1813,1400,,
500.0,385,205.04,710000,-13.662254333496094,35334,0.14475518465042114,0.7667089104652405,1840,1404,0.005997776985168457,0.00075
500.0,385,205.04,710000,,,,,1840,1408,,
500.0,385,205.04,710000,,,,,1840,1412,,
500.0,385,205.04,710000,,,,,1840,1416,,
500.0,385,205.04,710000,,,,,1840,1420,,
500.0,385,212.42,720000,-12.447296142578125,35834,2.394484043121338,-3.903644561767578,1866,1424,0.006071423180401325,0.00075
500.0,385,212.42,720000,,,,,1866,1428,,
500.0,385,212.42,720000,,,,,1866,1432,,
500.0,385,212.42,720000,,,,,1866,1436,,
500.0,385,212.42,720000,,,,,1866,1440,,
500.0,385,204.39,730000,-14.176008224487305,36334,1.4501312971115112,-2.9444055557250977,1893,1444,0.006331312470138073,0.00075
500.0,385,204.39,730000,,,,,1893,1448,,
500.0,385,204.39,730000,,,,,1893,1452,,
500.0,385,204.39,730000,,,,,1893,1456,,
500.0,385,204.39,730000,,,,,1893,1460,,
500.0,385,212.74,740000,-14.798444747924805,36834,1.2258111238479614,0.6955207586288452,1920,1464,0.007154154125601053,0.00075
500.0,385,212.74,740000,,,,,1920,1468,,
500.0,385,212.74,740000,,,,,1920,1472,,
500.0,385,212.74,740000,,,,,1920,1476,,
500.0,385,212.74,740000,,,,,1920,1480,,
500.0,385,171.52,750000,-15.09589958190918,37334,0.34993675351142883,-2.709984302520752,1946,1484,0.007884053513407707,0.00075
500.0,385,171.52,750000,,,,,1946,1488,,
500.0,385,171.52,750000,,,,,1946,1492,,
500.0,385,171.52,750000,,,,,1946,1496,,
500.0,385,171.52,750000,,,,,1946,1500,,
500.0,385,131.64,760000,-16.975841522216797,37834,1.363844633102417,5.468991756439209,1972,1504,0.008479095064103603,0.00075
500.0,385,131.64,760000,,,,,1972,1508,,
500.0,385,131.64,760000,,,,,1972,1512,,
500.0,385,131.64,760000,,,,,1972,1516,,
500.0,385,131.64,760000,,,,,1972,1520,,
500.0,385,142.97,770000,-16.79934310913086,38334,0.5423581600189209,5.489090919494629,1998,1524,0.008041257970035076,0.00075
500.0,385,142.97,770000,,,,,1998,1528,,
500.0,385,142.97,770000,,,,,1998,1532,,
500.0,385,142.97,770000,,,,,1998,1536,,
500.0,385,142.97,770000,,,,,1998,1540,,
500.0,385,149.35,780000,-15.230369567871094,38834,1.4506309032440186,5.405519485473633,2025,1544,0.008215700276196003,0.00075
500.0,385,149.35,780000,,,,,2025,1548,,
500.0,385,149.35,780000,,,,,2025,1552,,
500.0,385,149.35,780000,,,,,2025,1556,,
500.0,385,149.35,780000,,,,,2025,1560,,
500.0,385,133.46,790000,-18.99933624267578,39334,0.5167068243026733,-2.719189167022705,2051,1564,0.008590358309447765,0.00075
500.0,385,133.46,790000,,,,,2051,1568,,
500.0,385,133.46,790000,,,,,2051,1572,,
500.0,385,133.46,790000,,,,,2051,1576,,
500.0,385,133.46,790000,,,,,2051,1580,,
500.0,385,182.53,800000,-18.930187225341797,39834,1.308588981628418,-0.5748887658119202,2076,1584,0.008605674840509892,0.00075
500.0,385,182.53,800000,,,,,2076,1588,,
500.0,385,182.53,800000,,,,,2076,1592,,
500.0,385,182.53,800000,,,,,2076,1596,,
500.0,385,182.53,800000,,,,,2076,1600,,
500.0,385,236.43,810000,-19.11841583251953,40334,0.33753740787506104,-0.9713782668113708,2101,1604,0.008869961835443974,0.00075
500.0,385,236.43,810000,,,,,2101,1608,,
500.0,385,236.43,810000,,,,,2101,1612,,
500.0,385,236.43,810000,,,,,2101,1616,,
500.0,385,236.43,810000,,,,,2101,1620,,
500.0,385,274.32,820000,-21.011547088623047,40834,1.4978173971176147,-3.6961402893066406,2126,1624,0.008679301477968693,0.00075
500.0,385,274.32,820000,,,,,2126,1628,,
500.0,385,274.32,820000,,,,,2126,1632,,
500.0,385,274.32,820000,,,,,2126,1636,,
500.0,385,274.32,820000,,,,,2126,1640,,
500.0,385,273.27,830000,-21.192596435546875,41334,0.37555450201034546,-0.653857409954071,2152,1644,0.009057154878973961,0.00075
500.0,385,273.27,830000,,,,,2152,1648,,
500.0,385,273.27,830000,,,,,2152,1652,,
500.0,385,273.27,830000,,,,,2152,1656,,
500.0,385,273.27,830000,,,,,2152,1660,,
500.0,385,287.19,840000,-23.301631927490234,41834,3.229982376098633,-0.09087079763412476,2177,1664,0.00924985483288765,0.00075
500.0,385,287.19,840000,,,,,2177,1668,,
500.0,385,287.19,840000,,,,,2177,1672,,
500.0,385,287.19,840000,,,,,2177,1676,,
500.0,385,287.19,840000,,,,,2177,1680,,
500.0,385,270.7,850000,-25.228744506835938,42334,0.313230037689209,-2.7462010383605957,2203,1684,0.011315684765577316,0.00075
500.0,385,270.7,850000,,,,,2203,1688,,
500.0,385,270.7,850000,,,,,2203,1692,,
500.0,385,270.7,850000,,,,,2203,1696,,
500.0,385,270.7,850000,,,,,2203,1700,,
500.0,385,214.17,860000,-26.419410705566406,42834,1.9163320064544678,6.068038463592529,2229,1704,0.00979046244174242,0.00075
500.0,385,214.17,860000,,,,,2229,1708,,
500.0,385,214.17,860000,,,,,2229,1712,,
500.0,385,214.17,860000,,,,,2229,1716,,
500.0,385,214.17,860000,,,,,2229,1720,,
500.0,385,208.95,870000,-24.669830322265625,43334,1.1930127143859863,-5.017326831817627,2255,1724,0.01076289638876915,0.00075
500.0,385,208.95,870000,,,,,2255,1728,,
500.0,385,208.95,870000,,,,,2255,1732,,
500.0,385,208.95,870000,,,,,2255,1736,,
500.0,385,208.95,870000,,,,,2255,1740,,
500.0,385,245.15,880000,-29.48891830444336,43834,0.6508303880691528,-5.425424575805664,2281,1744,0.010690796189010143,0.00075
500.0,385,245.15,880000,,,,,2281,1748,,
500.0,385,245.15,880000,,,,,2281,1752,,
500.0,385,245.15,880000,,,,,2281,1756,,
500.0,385,245.15,880000,,,,,2281,1760,,
500.0,385,215.35,890000,-27.113542556762695,44334,0.6006840467453003,0.6162456274032593,2306,1764,0.011741179041564465,0.00075
500.0,385,215.35,890000,,,,,2306,1768,,
500.0,385,215.35,890000,,,,,2306,1772,,
500.0,385,215.35,890000,,,,,2306,1776,,
500.0,385,215.35,890000,,,,,2306,1780,,
500.0,385,201.84,900000,-26.805255889892578,44834,0.565880298614502,3.159146308898926,2332,1784,0.011272440664470196,0.00075
500.0,385,201.84,900000,,,,,2332,1788,,
500.0,385,201.84,900000,,,,,2332,1792,,
500.0,385,201.84,900000,,,,,2332,1796,,
500.0,385,201.84,900000,,,,,2332,1800,,
500.0,385,210.83,910000,-30.31326675415039,45334,0.9775999188423157,-3.198019504547119,2358,1804,0.013462933711707592,0.00075
500.0,385,210.83,910000,,,,,2358,1808,,
500.0,385,210.83,910000,,,,,2358,1812,,
500.0,385,210.83,910000,,,,,2358,1816,,
500.0,385,210.83,910000,,,,,2358,1820,,
500.0,385,191.05,920000,-34.072967529296875,45834,1.4585723876953125,-1.1966761350631714,2384,1824,0.012179971672594547,0.00075
500.0,385,191.05,920000,,,,,2384,1828,,
500.0,385,191.05,920000,,,,,2384,1832,,
500.0,385,191.05,920000,,,,,2384,1836,,
500.0,385,191.05,920000,,,,,2384,1840,,
500.0,385,151.17,930000,-32.81587219238281,46334,0.8377264738082886,-2.8943939208984375,2410,1844,0.013706376776099205,0.00075
500.0,385,151.17,930000,,,,,2410,1848,,
500.0,385,151.17,930000,,,,,2410,1852,,
500.0,385,151.17,930000,,,,,2410,1856,,
500.0,385,151.17,930000,,,,,2410,1860,,
500.0,385,156.98,940000,-30.680557250976562,46834,1.6331663131713867,0.5726118087768555,2435,1864,0.012751664966344833,0.00075
500.0,385,156.98,940000,,,,,2435,1868,,
500.0,385,156.98,940000,,,,,2435,1872,,
500.0,385,156.98,940000,,,,,2435,1876,,
500.0,385,156.98,940000,,,,,2435,1880,,
500.0,385,157.99,950000,-32.09004211425781,47334,1.0042171478271484,-2.953033924102783,2461,1884,0.011347424238920212,0.00075
500.0,385,157.99,950000,,,,,2461,1888,,
500.0,385,157.99,950000,,,,,2461,1892,,
500.0,385,157.99,950000,,,,,2461,1896,,
500.0,385,157.99,950000,,,,,2461,1900,,
500.0,385,177.65,960000,-33.645870208740234,47834,57.48545837402344,9.257406234741211,2487,1904,0.012387149967253208,0.00075
500.0,385,177.65,960000,,,,,2487,1908,,
500.0,385,177.65,960000,,,,,2487,1912,,
500.0,385,177.65,960000,,,,,2487,1916,,
500.0,385,177.65,960000,,,,,2487,1920,,
500.0,386,132.49,970000,-32.13593292236328,48334,2.0851969718933105,-1.8264356851577759,2512,1924,0.012506302446126938,0.00075
500.0,386,132.49,970000,,,,,2512,1928,,
500.0,386,132.49,970000,,,,,2512,1932,,
500.0,386,132.49,970000,,,,,2512,1936,,
500.0,386,132.49,970000,,,,,2512,1940,,
500.0,386,137.36,980000,-32.721580505371094,48834,2.1133322715759277,-5.9503173828125,2537,1944,0.013892007991671562,0.00075
500.0,386,137.36,980000,,,,,2537,1948,,
500.0,386,137.36,980000,,,,,2537,1952,,
500.0,386,137.36,980000,,,,,2537,1956,,
500.0,386,137.36,980000,,,,,2537,1960,,
500.0,386,150.28,990000,-39.26658248901367,49334,1.143668293952942,6.219219207763672,2563,1964,0.012664087116718292,0.00075
500.0,386,150.28,990000,,,,,2563,1968,,
500.0,386,150.28,990000,,,,,2563,1972,,
500.0,386,150.28,990000,,,,,2563,1976,,
500.0,386,150.28,990000,,,,,2563,1980,,
500.0,386,145.83,1000000,-34.26487350463867,49834,0.8724029660224915,-1.8731884956359863,2589,1984,0.013196034356951714,0.00075
500.0,386,145.83,1000000,,,,,2589,1988,,
500.0,386,145.83,1000000,,,,,2589,1992,,
500.0,386,145.83,1000000,,,,,2589,1996,,
500.0,386,145.83,1000000,,,,,2589,2000,,
