time/time_elapsed,train/n_updates,train/learning_rate,train/actor_loss,train/critic_loss,time/episodes,train/ent_coef,rollout/ep_rew_mean,time/fps,train/ent_coef_loss,rollout/ep_len_mean,time/total_timesteps
21,334,0.00075,-12.123176574707031,0.06356698274612427,4,0.7788242101669312,0.50136345,455,-2.942308187484741,500.0,10000
21,,,,,8,,0.50136345,455,,500.0,10000
21,,,,,12,,0.50136345,455,,500.0,10000
21,,,,,16,,0.50136345,454,,500.0,10000
21,,,,,20,,0.50136345,454,,500.0,10000
46,834,0.00075,-16.086227416992188,1.4886090755462646,24,0.5351681113243103,0.6090861999999999,431,-7.34547758102417,500.0,20000
46,,,,,28,,0.6090861999999999,431,,500.0,20000
46,,,,,32,,0.6090861999999999,431,,500.0,20000
46,,,,,36,,0.6090861999999999,431,,500.0,20000
46,,,,,40,,0.6090861999999999,431,,500.0,20000
70,1334,0.00075,-19.185264587402344,0.028665676712989807,44,0.36782997846603394,0.6219174166666667,425,-11.800494194030762,500.0,30000
70,,,,,48,,0.6219174166666667,425,,500.0,30000
70,,,,,52,,0.6219174166666667,425,,500.0,30000
70,,,,,56,,0.6219174166666667,425,,500.0,30000
70,,,,,60,,0.6219174166666667,425,,500.0,30000
95,1834,0.00075,-21.023727416992188,0.05850164219737053,64,0.2528354823589325,0.58282975,420,-16.219127655029297,500.0,40000
95,,,,,68,,0.58282975,420,,500.0,40000
95,,,,,72,,0.58282975,420,,500.0,40000
95,,,,,76,,0.58282975,420,,500.0,40000
95,,,,,80,,0.58282975,420,,500.0,40000
119,2334,0.00075,-21.839195251464844,3.4649014472961426,84,0.17382493615150452,0.61482336,418,-20.441797256469727,500.0,50000
119,,,,,88,,0.61482336,417,,500.0,50000
119,,,,,92,,0.61482336,417,,500.0,50000
119,,,,,96,,0.61482336,417,,500.0,50000
119,,,,,100,,0.61482336,417,,500.0,50000
144,2834,0.00075,-22.3037166595459,0.013531554490327835,104,0.11959578841924667,0.61669146,416,-24.90716552734375,500.0,60000
144,,,,,108,,0.61669146,416,,500.0,60000
144,,,,,112,,0.61669146,416,,500.0,60000
144,,,,,116,,0.61669146,416,,500.0,60000
144,,,,,120,,0.61669146,416,,500.0,60000
169,3334,0.00075,-22.048097610473633,0.03289312124252319,124,0.08244730532169342,0.53929023,413,-28.745662689208984,500.0,70000
169,,,,,128,,0.53929023,413,,500.0,70000
169,,,,,132,,0.53929023,413,,500.0,70000
169,,,,,136,,0.53929023,413,,500.0,70000
169,,,,,140,,0.53929023,413,,500.0,70000
194,3834,0.00075,-22.44205093383789,0.039273593574762344,144,0.05689862370491028,0.5910864099999998,410,-33.37032699584961,500.0,80000
194,,,,,148,,0.5910864099999998,410,,500.0,80000
194,,,,,152,,0.5910864099999998,410,,500.0,80000
194,,,,,156,,0.5910864099999998,410,,500.0,80000
194,,,,,160,,0.5910864099999998,410,,500.0,80000
219,4334,0.00075,-21.732933044433594,6.500138282775879,164,0.039398834109306335,0.6902230199999999,409,-36.79160690307617,500.0,90000
219,,,,,168,,0.6902230199999999,409,,500.0,90000
219,,,,,172,,0.6902230199999999,409,,500.0,90000
219,,,,,176,,0.6902230199999999,409,,500.0,90000
219,,,,,180,,0.6902230199999999,409,,500.0,90000
244,4834,0.00075,-21.162738800048828,0.0781940147280693,184,0.02743992954492569,0.8367147500000001,408,-39.33978271484375,500.0,100000
244,,,,,188,,0.8367147500000001,408,,500.0,100000
244,,,,,192,,0.8367147500000001,408,,500.0,100000
244,,,,,196,,0.8367147500000001,408,,500.0,100000
244,,,,,200,,0.8367147500000001,408,,500.0,100000
269,5334,0.00075,-20.800844192504883,0.02151513658463955,204,0.01925172097980976,0.77536659,408,-39.276756286621094,500.0,110000
269,,,,,208,,0.77536659,408,,500.0,110000
269,,,,,212,,0.77536659,408,,500.0,110000
269,,,,,216,,0.77536659,408,,500.0,110000
269,,,,,220,,0.77536659,408,,500.0,110000
295,5834,0.00075,-20.44147491455078,0.12701724469661713,224,0.013696414418518543,0.8388739700000001,406,-44.0334587097168,500.0,120000
295,,,,,228,,0.8388739700000001,406,,500.0,120000
295,,,,,232,,0.8388739700000001,406,,500.0,120000
295,,,,,236,,0.8388739700000001,406,,500.0,120000
295,,,,,240,,0.8388739700000001,406,,500.0,120000
321,6334,0.00075,-19.311193466186523,3.859683036804199,244,0.009996809996664524,0.737753,404,-39.359886169433594,500.0,130000
321,,,,,248,,0.737753,404,,500.0,130000
321,,,,,252,,0.737753,404,,500.0,130000
321,,,,,256,,0.737753,404,,500.0,130000
321,,,,,260,,0.737753,404,,500.0,130000
347,6834,0.00075,-19.12557601928711,0.0233952384442091,264,0.007512086536735296,10.650894410000001,402,-34.556671142578125,500.0,140000
347,,,,,268,,10.650894410000001,402,,500.0,140000
347,,,,,272,,10.650894410000001,402,,500.0,140000
347,,,,,276,,10.650894410000001,402,,500.0,140000
347,,,,,280,,10.650894410000001,402,,500.0,140000
371,7334,0.00075,-18.824298858642578,0.0832354724407196,284,0.005755079444497824,10.442126910000002,403,-32.97599792480469,500.0,150000
371,,,,,288,,10.442126910000002,403,,500.0,150000
371,,,,,292,,10.442126910000002,403,,500.0,150000
371,,,,,296,,10.442126910000002,403,,500.0,150000
371,,,,,300,,10.442126910000002,403,,500.0,150000
396,7834,0.00075,-18.255998611450195,0.020136399194598198,304,0.004555721767246723,11.21070725,403,-30.41216468811035,500.0,160000
396,,,,,308,,11.21070725,403,,500.0,160000
396,,,,,312,,11.21070725,403,,500.0,160000
396,,,,,316,,11.21070725,403,,500.0,160000
396,,,,,320,,11.21070725,403,,500.0,160000
422,8334,0.00075,-18.00546646118164,0.029898496344685555,324,0.003607149701565504,16.374291140000004,402,-22.37816619873047,500.0,170000
422,,,,,328,,16.374291140000004,402,,500.0,170000
422,,,,,332,,16.374291140000004,402,,500.0,170000
422,,,,,336,,16.374291140000004,402,,500.0,170000
422,,,,,340,,16.374291140000004,402,,500.0,170000
449,8834,0.00075,-17.60614585876465,0.046097587794065475,344,0.0031123016960918903,16.395843320000004,400,-21.948318481445312,500.0,180000
449,,,,,348,,16.395843320000004,400,,500.0,180000
449,,,,,352,,16.395843320000004,400,,500.0,180000
449,,,,,356,,16.395843320000004,400,,500.0,180000
449,,,,,360,,16.395843320000004,400,,500.0,180000
475,9334,0.00075,-17.16228675842285,0.026365205645561218,364,0.0027314031030982733,6.48810522,399,6.03037691116333,500.0,190000
475,,,,,368,,6.48810522,399,,500.0,190000
475,,,,,372,,6.48810522,399,,500.0,190000
475,,,,,376,,6.48810522,399,,500.0,190000
475,,,,,380,,6.48810522,399,,500.0,190000
500,9834,0.00075,-16.57834243774414,2.1802706718444824,384,0.002617734484374523,6.45045764,399,8.349044799804688,500.0,200000
500,,,,,388,,6.45045764,399,,500.0,200000
500,,,,,392,,6.45045764,399,,500.0,200000
500,,,,,396,,6.45045764,399,,500.0,200000
500,,,,,400,,6.45045764,399,,500.0,200000
527,10334,0.00075,-16.206398010253906,0.03063642606139183,404,0.00250484561547637,5.66634479,397,-1.6172008514404297,500.0,210000
527,,,,,408,,5.66634479,397,,500.0,210000
527,,,,,412,,5.66634479,397,,500.0,210000
527,,,,,416,,5.66634479,397,,500.0,210000
527,,,,,420,,5.66634479,397,,500.0,210000
553,10834,0.00075,-16.048847198486328,0.04387694597244263,424,0.0026882567908614874,0.7665598300000002,397,6.46687126159668,500.0,220000
553,,,,,428,,0.7665598300000002,397,,500.0,220000
553,,,,,432,,0.7665598300000002,397,,500.0,220000
553,,,,,436,,0.7665598300000002,397,,500.0,220000
553,,,,,440,,0.7665598300000002,397,,500.0,220000
578,11334,0.00075,-15.459814071655273,0.028419233858585358,444,0.002528466982766986,0.9303054999999998,397,7.199481010437012,500.0,230000
578,,,,,448,,0.9303054999999998,397,,500.0,230000
578,,,,,452,,0.9303054999999998,397,,500.0,230000
578,,,,,456,,0.9303054999999998,397,,500.0,230000
578,,,,,460,,0.9303054999999998,397,,500.0,230000
605,11834,0.00075,-15.060211181640625,0.021432824432849884,464,0.0024329598527401686,0.8047147200000001,396,1.0263738632202148,500.0,240000
605,,,,,468,,0.8047147200000001,396,,500.0,240000
605,,,,,472,,0.8047147200000001,396,,500.0,240000
605,,,,,476,,0.8047147200000001,396,,500.0,240000
605,,,,,480,,0.8047147200000001,396,,500.0,240000
630,12334,0.00075,-15.092289924621582,0.018491536378860474,484,0.002602985827252269,0.9005877900000001,396,-4.043190002441406,500.0,250000
630,,,,,488,,0.9005877900000001,396,,500.0,250000
630,,,,,492,,0.9005877900000001,396,,500.0,250000
630,,,,,496,,0.9005877900000001,396,,500.0,250000
630,,,,,500,,0.9005877900000001,396,,500.0,250000
655,12834,0.00075,-14.42634391784668,0.07651575654745102,504,0.0025055622681975365,0.89246768,396,11.15187931060791,500.0,260000
655,,,,,508,,0.89246768,396,,500.0,260000
655,,,,,512,,0.89246768,396,,500.0,260000
655,,,,,516,,0.89246768,396,,500.0,260000
655,,,,,520,,0.89246768,396,,500.0,260000
681,13334,0.00075,-13.839093208312988,0.026681533083319664,524,0.002602979773655534,1.7331762099999997,396,6.22441291809082,500.0,270000
681,,,,,528,,1.7331762099999997,396,,500.0,270000
681,,,,,532,,1.7331762099999997,396,,500.0,270000
681,,,,,536,,1.7331762099999997,396,,500.0,270000
681,,,,,540,,1.7331762099999997,396,,500.0,270000
706,13834,0.00075,-14.348578453063965,0.025613216683268547,544,0.002465632976964116,1.6619511000000002,396,8.10549259185791,500.0,280000
706,,,,,548,,1.6619511000000002,396,,500.0,280000
706,,,,,552,,1.6619511000000002,396,,500.0,280000
706,,,,,556,,1.6619511000000002,396,,500.0,280000
706,,,,,560,,1.6619511000000002,396,,500.0,280000
731,14334,0.00075,-13.998703002929688,1.5445549488067627,564,0.0021989543456584215,1.59871887,396,-10.968090057373047,500.0,290000
731,,,,,568,,1.59871887,396,,500.0,290000
731,,,,,572,,1.59871887,396,,500.0,290000
731,,,,,576,,1.59871887,396,,500.0,290000
731,,,,,580,,1.59871887,396,,500.0,290000
757,14834,0.00075,-13.40314769744873,0.036302369087934494,584,0.00231181550770998,1.4679660100000005,396,1.8768219947814941,500.0,300000
757,,,,,588,,1.4679660100000005,396,,500.0,300000
757,,,,,592,,1.4679660100000005,396,,500.0,300000
757,,,,,596,,1.4679660100000005,396,,500.0,300000
757,,,,,600,,1.4679660100000005,396,,500.0,300000
782,15334,0.00075,-13.05868148803711,0.019177591428160667,604,0.002297796541824937,1.4586575199999998,396,5.459563255310059,500.0,310000
782,,,,,608,,1.4586575199999998,396,,500.0,310000
782,,,,,612,,1.4586575199999998,396,,500.0,310000
782,,,,,616,,1.4586575199999998,396,,500.0,310000
782,,,,,620,,1.4586575199999998,396,,500.0,310000
807,15834,0.00075,-12.704490661621094,0.04480694979429245,624,0.002287971554324031,0.87026894,396,2.887777090072632,500.0,320000
807,,,,,628,,0.87026894,396,,500.0,320000
807,,,,,632,,0.87026894,396,,500.0,320000
807,,,,,636,,0.87026894,396,,500.0,320000
807,,,,,640,,0.87026894,396,,500.0,320000
832,16334,0.00075,-13.045778274536133,0.024864595383405685,644,0.0022333983797580004,0.71170226,396,1.4682788848876953,500.0,330000
832,,,,,648,,0.71170226,396,,500.0,330000
832,,,,,652,,0.71170226,396,,500.0,330000
832,,,,,656,,0.71170226,396,,500.0,330000
832,,,,,660,,0.71170226,396,,500.0,330000
858,16834,0.00075,-12.917899131774902,0.03405380621552467,664,0.0022011068649590015,0.7182706300000002,396,-0.20918750762939453,500.0,340000
858,,,,,668,,0.7182706300000002,396,,500.0,340000
858,,,,,672,,0.7182706300000002,396,,500.0,340000
858,,,,,676,,0.7182706300000002,396,,500.0,340000
858,,,,,680,,0.7182706300000002,396,,500.0,340000
884,17334,0.00075,-12.527637481689453,0.020747806876897812,684,0.00224233977496624,0.7087988,395,5.923781394958496,500.0,350000
884,,,,,688,,0.7087988,395,,500.0,350000
884,,,,,692,,0.7087988,395,,500.0,350000
884,,,,,696,,0.7087988,395,,500.0,350000
884,,,,,700,,0.7087988,395,,500.0,350000
910,17834,0.00075,-11.898329734802246,0.02794194035232067,704,0.0024388243909925222,0.74691187,395,-7.34389591217041,500.0,360000
910,,,,,708,,0.74691187,395,,500.0,360000
910,,,,,712,,0.74691187,395,,500.0,360000
910,,,,,716,,0.74691187,395,,500.0,360000
910,,,,,720,,0.74691187,395,,500.0,360000
935,18334,0.00075,-11.71773910522461,1.097822666168213,724,0.0024538980796933174,0.14552974,395,-0.5554786324501038,500.0,370000
935,,,,,728,,0.14552974,395,,500.0,370000
935,,,,,732,,0.14552974,395,,500.0,370000
935,,,,,736,,0.14552974,395,,500.0,370000
935,,,,,740,,0.14552974,395,,500.0,370000
960,18834,0.00075,-11.813518524169922,0.08082982897758484,744,0.002473534783348441,0.14811607000000002,395,-6.7007904052734375,500.0,380000
960,,,,,748,,0.14811607000000002,395,,500.0,380000
960,,,,,752,,0.14811607000000002,395,,500.0,380000
960,,,,,756,,0.14811607000000002,395,,500.0,380000
960,,,,,760,,0.14811607000000002,395,,500.0,380000
985,19334,0.00075,-11.182828903198242,0.02004283294081688,764,0.0021598627790808678,0.21838642999999996,395,0.566166877746582,500.0,390000
985,,,,,768,,0.21838642999999996,395,,500.0,390000
986,,,,,772,,0.21838642999999996,395,,500.0,390000
986,,,,,776,,0.21838642999999996,395,,500.0,390000
986,,,,,780,,0.21838642999999996,395,,500.0,390000
1011,19834,0.00075,-11.088035583496094,0.03082186169922352,784,0.0023278493899852037,5.52268261,395,4.790489196777344,500.0,400000
1011,,,,,788,,5.52268261,395,,500.0,400000
1011,,,,,792,,5.52268261,395,,500.0,400000
1011,,,,,796,,5.52268261,395,,500.0,400000
1011,,,,,800,,5.52268261,395,,500.0,400000
1036,20334,0.00075,-10.733793258666992,0.9039398431777954,804,0.0023319278843700886,9.014485339999998,395,-4.339794635772705,500.0,410000
1036,,,,,808,,9.014485339999998,395,,500.0,410000
1036,,,,,812,,9.014485339999998,395,,500.0,410000
1036,,,,,816,,9.014485339999998,395,,500.0,410000
1036,,,,,820,,9.014485339999998,395,,500.0,410000
1062,20834,0.00075,-11.07762336730957,0.0927777886390686,824,0.002334937686100602,17.749027190000003,395,13.546567916870117,500.0,420000
1062,,,,,828,,17.749027190000003,395,,500.0,420000
1062,,,,,832,,17.749027190000003,395,,500.0,420000
1062,,,,,836,,17.749027190000003,395,,500.0,420000
1062,,,,,840,,17.749027190000003,395,,500.0,420000
1088,21334,0.00075,-11.002460479736328,0.03533303737640381,844,0.002334129298105836,17.951688360000002,395,9.397764205932617,500.0,430000
1088,,,,,848,,17.951688360000002,395,,500.0,430000
1088,,,,,852,,17.951688360000002,395,,500.0,430000
1088,,,,,856,,17.951688360000002,395,,500.0,430000
1088,,,,,860,,17.951688360000002,395,,500.0,430000
1114,21834,0.00075,-10.250307083129883,0.5443692803382874,864,0.0021728018764406443,21.191991279999996,394,-8.36235237121582,500.0,440000
1114,,,,,868,,21.191991279999996,394,,500.0,440000
1114,,,,,872,,21.191991279999996,394,,500.0,440000
1114,,,,,876,,21.191991279999996,394,,500.0,440000
1114,,,,,880,,21.191991279999996,394,,500.0,440000
1139,22334,0.00075,-9.802812576293945,0.01901034638285637,884,0.002040310064330697,15.991127699999995,394,5.428313255310059,500.0,450000
1139,,,,,888,,15.991127699999995,394,,500.0,450000
1139,,,,,892,,15.991127699999995,394,,500.0,450000
1139,,,,,896,,15.991127699999995,394,,500.0,450000
1139,,,,,900,,15.991127699999995,394,,500.0,450000
1166,22834,0.00075,-9.857339859008789,0.8252740502357483,904,0.0019357913406565785,14.605822260000002,394,-2.569171667098999,500.0,460000
1166,,,,,908,,14.605822260000002,394,,500.0,460000
1166,,,,,912,,14.605822260000002,394,,500.0,460000
1166,,,,,916,,14.605822260000002,394,,500.0,460000
1166,,,,,920,,14.605822260000002,394,,500.0,460000
1191,23334,0.00075,-9.52923583984375,0.03127532824873924,924,0.0020791860297322273,10.02745736,394,-7.809947490692139,500.0,470000
1191,,,,,928,,10.02745736,394,,500.0,470000
1191,,,,,932,,10.02745736,394,,500.0,470000
1192,,,,,936,,10.02745736,394,,500.0,470000
1192,,,,,940,,10.02745736,394,,500.0,470000
1217,23834,0.00075,-9.401222229003906,0.6911177039146423,944,0.0021405054721981287,11.27143562,394,-5.070705413818359,500.0,480000
1217,,,,,948,,11.27143562,394,,500.0,480000
1217,,,,,952,,11.27143562,394,,500.0,480000
1217,,,,,956,,11.27143562,394,,500.0,480000
1217,,,,,960,,11.27143562,394,,500.0,480000
1243,24334,0.00075,-8.960840225219727,0.9541237950325012,964,0.0021390903275460005,15.38241531,394,14.357901573181152,500.0,490000
1243,,,,,968,,15.38241531,394,,500.0,490000
1243,,,,,972,,15.38241531,394,,500.0,490000
1243,,,,,976,,15.38241531,394,,500.0,490000
1243,,,,,980,,15.38241531,394,,500.0,490000
1268,24834,0.00075,-9.022665023803711,0.6634906530380249,984,0.0020222545135766268,15.415244180000002,394,-2.88985538482666,500.0,500000
1268,,,,,988,,15.415244180000002,394,,500.0,500000
1268,,,,,992,,15.415244180000002,394,,500.0,500000
1268,,,,,996,,15.415244180000002,394,,500.0,500000
1268,,,,,1000,,15.415244180000002,394,,500.0,500000
1294,25334,0.00075,-9.083877563476562,0.016185129061341286,1004,0.002348783425986767,13.55918568,394,-10.376100540161133,500.0,510000
1294,,,,,1008,,13.55918568,394,,500.0,510000
1294,,,,,1012,,13.55918568,394,,500.0,510000
1294,,,,,1016,,13.55918568,394,,500.0,510000
1294,,,,,1020,,13.55918568,394,,500.0,510000
1319,25834,0.00075,-8.646882057189941,0.7090532779693604,1024,0.0021979594603180885,17.671466419999998,393,-5.180768013000488,500.0,520000
1319,,,,,1028,,17.671466419999998,393,,500.0,520000
1319,,,,,1032,,17.671466419999998,393,,500.0,520000
1319,,,,,1036,,17.671466419999998,393,,500.0,520000
1319,,,,,1040,,17.671466419999998,393,,500.0,520000
1345,26334,0.00075,-8.991839408874512,0.02240564674139023,1044,0.001995366532355547,27.81412582,393,2.369621515274048,500.0,530000
1345,,,,,1048,,27.81412582,393,,500.0,530000
1345,,,,,1052,,27.81412582,393,,500.0,530000
1345,,,,,1056,,27.81412582,393,,500.0,530000
1345,,,,,1060,,27.81412582,393,,500.0,530000
1370,26834,0.00075,-9.392334938049316,0.5400727391242981,1064,0.0021320232190191746,20.393309220000003,393,6.517133712768555,500.0,540000
1370,,,,,1068,,20.393309220000003,393,,500.0,540000
1370,,,,,1072,,20.393309220000003,393,,500.0,540000
1370,,,,,1076,,20.393309220000003,393,,500.0,540000
1370,,,,,1080,,20.393309220000003,393,,500.0,540000
1396,27334,0.00075,-8.342233657836914,0.04399359971284866,1084,0.002225787378847599,20.54960493,393,-18.43816566467285,500.0,550000
1396,,,,,1088,,20.54960493,393,,500.0,550000
1396,,,,,1092,,20.54960493,393,,500.0,550000
1396,,,,,1096,,20.54960493,393,,500.0,550000
1396,,,,,1100,,20.54960493,393,,500.0,550000
1420,27834,0.00075,-7.82685661315918,0.5785742402076721,1104,0.002220508176833391,22.66564642,394,3.109703302383423,500.0,560000
1420,,,,,1108,,22.66564642,394,,500.0,560000
1420,,,,,1112,,22.66564642,394,,500.0,560000
1420,,,,,1116,,22.66564642,394,,500.0,560000
1420,,,,,1120,,22.66564642,394,,500.0,560000
1446,28334,0.00075,-8.443967819213867,0.03897235170006752,1124,0.0022739965934306383,36.16941225,394,8.487669944763184,500.0,570000
1446,,,,,1128,,36.16941225,394,,500.0,570000
1446,,,,,1132,,36.16941225,394,,500.0,570000
1446,,,,,1136,,36.16941225,394,,500.0,570000
1446,,,,,1140,,36.16941225,394,,500.0,570000
1471,28834,0.00075,-8.788812637329102,0.0901385247707367,1144,0.002612801268696785,32.46247998,394,-0.34534692764282227,500.0,580000
1471,,,,,1148,,32.46247998,394,,500.0,580000
1471,,,,,1152,,32.46247998,394,,500.0,580000
1471,,,,,1156,,32.46247998,394,,500.0,580000
1471,,,,,1160,,32.46247998,394,,500.0,580000
1497,29334,0.00075,-9.426107406616211,0.19191791117191315,1164,0.0026555568911135197,51.40086802999999,394,-0.6919498443603516,500.0,590000
1497,,,,,1168,,51.40086802999999,394,,500.0,590000
1497,,,,,1172,,51.40086802999999,394,,500.0,590000
1497,,,,,1176,,51.40086802999999,394,,500.0,590000
1497,,,,,1180,,51.40086802999999,394,,500.0,590000
1521,29834,0.00075,-8.667617797851562,0.32476669549942017,1184,0.0027604103088378906,51.13028877,394,6.53600549697876,500.0,600000
1521,,,,,1188,,51.13028877,394,,500.0,600000
1521,,,,,1192,,51.13028877,394,,500.0,600000
1521,,,,,1196,,51.13028877,394,,500.0,600000
1521,,,,,1200,,51.13028877,394,,500.0,600000
1547,30334,0.00075,-7.905433654785156,0.062492311000823975,1204,0.0028962059877812862,48.742595460000004,394,2.25637149810791,500.0,610000
1547,,,,,1208,,48.742595460000004,394,,500.0,610000
1547,,,,,1212,,48.742595460000004,394,,500.0,610000
1547,,,,,1216,,48.742595460000004,394,,500.0,610000
1547,,,,,1220,,48.742595460000004,394,,500.0,610000
1573,30834,0.00075,-8.112176895141602,0.37848103046417236,1224,0.003113015554845333,27.685849080000004,393,-5.94032096862793,500.0,620000
1573,,,,,1228,,27.685849080000004,393,,500.0,620000
1573,,,,,1232,,27.685849080000004,393,,500.0,620000
1573,,,,,1236,,27.685849080000004,393,,500.0,620000
1573,,,,,1240,,27.685849080000004,393,,500.0,620000
1599,31334,0.00075,-8.54478645324707,0.20679546892642975,1244,0.002677487675100565,23.828033459999997,393,-7.2050042152404785,500.0,630000
1599,,,,,1248,,23.828033459999997,393,,500.0,630000
1599,,,,,1252,,23.828033459999997,393,,500.0,630000
1599,,,,,1256,,23.828033459999997,393,,500.0,630000
1599,,,,,1260,,23.828033459999997,393,,500.0,630000
1625,31834,0.00075,-8.079415321350098,0.03672046214342117,1264,0.003384677693247795,6.33414356,393,-4.759313583374023,500.0,640000
1625,,,,,1268,,6.33414356,393,,500.0,640000
1625,,,,,1272,,6.33414356,393,,500.0,640000
1625,,,,,1276,,6.33414356,393,,500.0,640000
1625,,,,,1280,,6.33414356,393,,500.0,640000
1650,32334,0.00075,-8.977758407592773,0.11331214755773544,1284,0.003240722930058837,6.384684610000001,393,-3.1669788360595703,500.0,650000
1650,,,,,1288,,6.384684610000001,393,,500.0,650000
1650,,,,,1292,,6.384684610000001,393,,500.0,650000
1650,,,,,1296,,6.384684610000001,393,,500.0,650000
1650,,,,,1300,,6.384684610000001,393,,500.0,650000
1675,32834,0.00075,-8.467622756958008,0.054905205965042114,1304,0.0032834778539836407,13.20690595,393,-5.0965986251831055,500.0,660000
1675,,,,,1308,,13.20690595,393,,500.0,660000
1675,,,,,1312,,13.20690595,393,,500.0,660000
1675,,,,,1316,,13.20690595,393,,500.0,660000
1675,,,,,1320,,13.20690595,393,,500.0,660000
1700,33334,0.00075,-8.658672332763672,0.41555964946746826,1324,0.0036876441445201635,78.00669300999999,393,-3.044595241546631,500.0,670000
1700,,,,,1328,,78.00669300999999,393,,500.0,670000
1700,,,,,1332,,78.00669300999999,393,,500.0,670000
1700,,,,,1336,,78.00669300999999,393,,500.0,670000
1700,,,,,1340,,78.00669300999999,393,,500.0,670000
1726,33834,0.00075,-8.903693199157715,0.33560189604759216,1344,0.003351227380335331,106.59310025,393,-8.041889190673828,500.0,680000
1726,,,,,1348,,106.59310025,393,,500.0,680000
1726,,,,,1352,,106.59310025,393,,500.0,680000
1726,,,,,1356,,106.59310025,393,,500.0,680000
1726,,,,,1360,,106.59310025,393,,500.0,680000
1752,34334,0.00075,-10.959953308105469,0.6787145137786865,1364,0.0032871125731617212,167.11895247,393,0.6959802508354187,500.0,690000
1752,,,,,1368,,167.11895247,393,,500.0,690000
1752,,,,,1372,,167.11895247,393,,500.0,690000
1752,,,,,1376,,167.11895247,393,,500.0,690000
1752,,,,,1380,,167.11895247,393,,500.0,690000
1777,34834,0.00075,-8.677135467529297,1.8382700681686401,1384,0.003710429184138775,167.99139677,393,1.8876476287841797,500.0,700000
1777,,,,,1388,,167.99139677,393,,500.0,700000
1777,,,,,1392,,167.99139677,393,,500.0,700000
1777,,,,,1396,,167.99139677,393,,500.0,700000
1777,,,,,1400,,167.99139677,393,,500.0,700000
1803,35334,0.00075,-9.24882698059082,0.8835052251815796,1404,0.004329735413193703,189.72451298000007,393,-0.18805599212646484,500.0,710000
1803,,,,,1408,,189.72451298000007,393,,500.0,710000
1803,,,,,1412,,189.72451298000007,393,,500.0,710000
1803,,,,,1416,,189.72451298000007,393,,500.0,710000
1803,,,,,1420,,189.72451298000007,393,,500.0,710000
1828,35834,0.00075,-10.666421890258789,1.043625831604004,1424,0.004637738224118948,128.88834896000003,393,0.8766646385192871,500.0,720000
1828,,,,,1428,,128.88834896000003,393,,500.0,720000
1828,,,,,1432,,128.88834896000003,393,,500.0,720000
1828,,,,,1436,,128.88834896000003,393,,500.0,720000
1828,,,,,1440,,128.88834896000003,393,,500.0,720000
1854,36334,0.00075,-11.754253387451172,0.3441532850265503,1444,0.005019863601773977,97.27443736,393,0.44940125942230225,500.0,730000
1854,,,,,1448,,97.27443736,393,,500.0,730000
1854,,,,,1452,,97.27443736,393,,500.0,730000
1854,,,,,1456,,97.27443736,393,,500.0,730000
1854,,,,,1460,,97.27443736,393,,500.0,730000
1879,36834,0.00075,-13.833304405212402,0.4795350432395935,1464,0.004934321623295546,60.13356188999999,393,8.113971710205078,500.0,740000
1879,,,,,1468,,60.13356188999999,393,,500.0,740000
1879,,,,,1472,,60.13356188999999,393,,500.0,740000
1879,,,,,1476,,60.13356188999999,393,,500.0,740000
1879,,,,,1480,,60.13356188999999,393,,500.0,740000
1906,37334,0.00075,-14.565643310546875,2.7162327766418457,1484,0.005127434153109789,81.15081011000001,393,2.6050479412078857,500.0,750000
1906,,,,,1488,,81.15081011000001,393,,500.0,750000
1906,,,,,1492,,81.15081011000001,393,,500.0,750000
1906,,,,,1496,,81.15081011000001,393,,500.0,750000
1906,,,,,1500,,81.15081011000001,393,,500.0,750000
1933,37834,0.00075,-10.334778785705566,0.13757914304733276,1504,0.00566298421472311,74.13484724,393,1.254610538482666,500.0,760000
1933,,,,,1508,,74.13484724,393,,500.0,760000
1933,,,,,1512,,74.13484724,393,,500.0,760000
1933,,,,,1516,,74.13484724,393,,500.0,760000
1933,,,,,1520,,74.13484724,393,,500.0,760000
1958,38334,0.00075,-14.898345947265625,1.6977076530456543,1524,0.0053552123717963696,100.88336281999999,393,-1.9639039039611816,500.0,770000
1958,,,,,1528,,100.88336281999999,393,,500.0,770000
1958,,,,,1532,,100.88336281999999,393,,500.0,770000
1958,,,,,1536,,100.88336281999999,393,,500.0,770000
1958,,,,,1540,,100.88336281999999,393,,500.0,770000
1985,38834,0.00075,-14.529328346252441,0.5234920978546143,1544,0.005681500770151615,138.38204725000003,392,3.836270332336426,500.0,780000
1985,,,,,1548,,138.38204725000003,392,,500.0,780000
1985,,,,,1552,,138.38204725000003,392,,500.0,780000
1985,,,,,1556,,138.38204725000003,392,,500.0,780000
1985,,,,,1560,,138.38204725000003,392,,500.0,780000
2010,39334,0.00075,-14.38856029510498,0.2966214418411255,1564,0.005869909189641476,113.70416849000001,393,-1.5587060451507568,500.0,790000
2010,,,,,1568,,113.70416849000001,393,,500.0,790000
2010,,,,,1572,,113.70416849000001,393,,500.0,790000
2010,,,,,1576,,113.70416849000001,393,,500.0,790000
2010,,,,,1580,,113.70416849000001,393,,500.0,790000
2035,39834,0.00075,-16.253890991210938,0.5089256763458252,1584,0.005830336827784777,91.91988297,393,3.5398409366607666,500.0,800000
2035,,,,,1588,,91.91988297,393,,500.0,800000
2035,,,,,1592,,91.91988297,393,,500.0,800000
2035,,,,,1596,,91.91988297,393,,500.0,800000
2035,,,,,1600,,91.91988297,393,,500.0,800000
2061,40334,0.00075,-12.620357513427734,2.99113130569458,1604,0.006114555522799492,119.43095497,392,-6.807406425476074,500.0,810000
2061,,,,,1608,,119.43095497,392,,500.0,810000
2061,,,,,1612,,119.43095497,392,,500.0,810000
2061,,,,,1616,,119.43095497,392,,500.0,810000
2061,,,,,1620,,119.43095497,392,,500.0,810000
2087,40834,0.00075,-14.494324684143066,0.97571861743927,1624,0.006447661202400923,110.91243677999996,392,6.573683261871338,500.0,820000
2087,,,,,1628,,110.91243677999996,392,,500.0,820000
2087,,,,,1632,,110.91243677999996,392,,500.0,820000
2087,,,,,1636,,110.91243677999996,392,,500.0,820000
2087,,,,,1640,,110.91243677999996,392,,500.0,820000
2113,41334,0.00075,-17.178756713867188,0.3087722063064575,1644,0.0069354926235973835,120.23395733,392,-1.2963260412216187,500.0,830000
2113,,,,,1648,,120.23395733,392,,500.0,830000
2113,,,,,1652,,120.23395733,392,,500.0,830000
2113,,,,,1656,,120.23395733,392,,500.0,830000
2113,,,,,1660,,120.23395733,392,,500.0,830000
2139,41834,0.00075,-18.287179946899414,0.8677444458007812,1664,0.006174216978251934,193.79497242999994,392,-5.695204257965088,500.0,840000
2139,,,,,1668,,193.79497242999994,392,,500.0,840000
2139,,,,,1672,,193.79497242999994,392,,500.0,840000
2139,,,,,1676,,193.79497242999994,392,,500.0,840000
2139,,,,,1680,,193.79497242999994,392,,500.0,840000
2164,42334,0.00075,-15.720439910888672,0.31430041790008545,1684,0.006891923025250435,247.36952028,392,-5.321122646331787,500.0,850000
2164,,,,,1688,,247.36952028,392,,500.0,850000
2164,,,,,1692,,247.36952028,392,,500.0,850000
2164,,,,,1696,,247.36952028,392,,500.0,850000
2164,,,,,1700,,247.36952028,392,,500.0,850000
2190,42834,0.00075,-21.91522979736328,0.9062460064888,1704,0.007768783252686262,214.83106682000002,392,6.4099507331848145,500.0,860000
2190,,,,,1708,,214.83106682000002,392,,500.0,860000
2190,,,,,1712,,214.83106682000002,392,,500.0,860000
2190,,,,,1716,,214.83106682000002,392,,500.0,860000
2190,,,,,1720,,214.83106682000002,392,,500.0,860000
2216,43334,0.00075,-19.445449829101562,1.2886698246002197,1724,0.007887512445449829,232.27836064,392,2.1552987098693848,500.0,870000
2216,,,,,1728,,232.27836064,392,,500.0,870000
2216,,,,,1732,,232.27836064,392,,500.0,870000
2216,,,,,1736,,232.27836064,392,,500.0,870000
2216,,,,,1740,,232.27836064,392,,500.0,870000
2241,43834,0.00075,-19.076892852783203,0.23125988245010376,1744,0.008459568955004215,198.24547332000003,392,1.7301571369171143,500.0,880000
2241,,,,,1748,,198.24547332000003,392,,500.0,880000
2241,,,,,1752,,198.24547332000003,392,,500.0,880000
2241,,,,,1756,,198.24547332000003,392,,500.0,880000
2241,,,,,1760,,198.24547332000003,392,,500.0,880000
2266,44334,0.00075,-22.33095932006836,0.2969038486480713,1764,0.008600153028964996,191.63147536,392,-1.7310709953308105,500.0,890000
2266,,,,,1768,,191.63147536,392,,500.0,890000
2266,,,,,1772,,191.63147536,392,,500.0,890000
2266,,,,,1776,,191.63147536,392,,500.0,890000
2266,,,,,1780,,191.63147536,392,,500.0,890000
2293,44834,0.00075,-23.79302215576172,1.2385598421096802,1784,0.008239617571234703,185.95100216,392,4.014499664306641,500.0,900000
2293,,,,,1788,,185.95100216,392,,500.0,900000
2293,,,,,1792,,185.95100216,392,,500.0,900000
2293,,,,,1796,,185.95100216,392,,500.0,900000
2293,,,,,1800,,185.95100216,392,,500.0,900000
2319,45334,0.00075,-21.373504638671875,0.7713063955307007,1804,0.00900178961455822,215.54630471999997,392,-5.430052757263184,500.0,910000
2319,,,,,1808,,215.54630471999997,392,,500.0,910000
2319,,,,,1812,,215.54630471999997,392,,500.0,910000
2319,,,,,1816,,215.54630471999997,392,,500.0,910000
2319,,,,,1820,,215.54630471999997,392,,500.0,910000
2346,45834,0.00075,-22.36397933959961,1.021888256072998,1824,0.008991309441626072,221.90060118999995,392,7.721466064453125,500.0,920000
2346,,,,,1828,,221.90060118999995,392,,500.0,920000
2346,,,,,1832,,221.90060118999995,392,,500.0,920000
2346,,,,,1836,,221.90060118999995,392,,500.0,920000
2346,,,,,1840,,221.90060118999995,392,,500.0,920000
2371,46334,0.00075,-30.988319396972656,3.2114672660827637,1844,0.008754008449614048,282.49412863000003,392,1.3939871788024902,500.0,930000
2371,,,,,1848,,282.49412863000003,392,,500.0,930000
2371,,,,,1852,,282.49412863000003,392,,500.0,930000
2371,,,,,1856,,282.49412863000003,392,,500.0,930000
2371,,,,,1860,,282.49412863000003,392,,500.0,930000
2398,46834,0.00075,-27.115360260009766,4.327002048492432,1864,0.009170088917016983,291.76754400000004,391,-0.5976945161819458,500.0,940000
2398,,,,,1868,,291.76754400000004,391,,500.0,940000
2398,,,,,1872,,291.76754400000004,391,,500.0,940000
2398,,,,,1876,,291.76754400000004,391,,500.0,940000
2398,,,,,1880,,291.76754400000004,391,,500.0,940000
2423,47334,0.00075,-27.251739501953125,1.156038761138916,1884,0.00917588546872139,255.39533429,391,-2.0032551288604736,500.0,950000
2423,,,,,1888,,255.39533429,391,,500.0,950000
2423,,,,,1892,,255.39533429,391,,500.0,950000
2423,,,,,1896,,255.39533429,391,,500.0,950000
2423,,,,,1900,,255.39533429,391,,500.0,950000
2449,47834,0.00075,-26.900066375732422,1.155112862586975,1904,0.010058851912617683,264.82740864000004,391,1.72214674949646,500.0,960000
2449,,,,,1908,,264.82740864000004,391,,500.0,960000
2449,,,,,1912,,264.82740864000004,391,,500.0,960000
2449,,,,,1916,,264.82740864000004,391,,500.0,960000
2449,,,,,1920,,264.82740864000004,391,,500.0,960000
2475,48334,0.00075,-28.04271125793457,0.4473211169242859,1924,0.010745512321591377,256.30364961,391,-8.177846908569336,500.0,970000
2475,,,,,1928,,256.30364961,391,,500.0,970000
2475,,,,,1932,,256.30364961,391,,500.0,970000
2475,,,,,1936,,256.30364961,391,,500.0,970000
2475,,,,,1940,,256.30364961,391,,500.0,970000
2500,48834,0.00075,-26.71607208251953,0.3768342435359955,1944,0.010802780278027058,234.75937679999998,391,0.5537718534469604,500.0,980000
2500,,,,,1948,,234.75937679999998,391,,500.0,980000
2500,,,,,1952,,234.75937679999998,391,,500.0,980000
2500,,,,,1956,,234.75937679999998,391,,500.0,980000
2500,,,,,1960,,234.75937679999998,391,,500.0,980000
2527,49334,0.00075,-31.04384994506836,0.6419249773025513,1964,0.011854445561766624,220.48574261999994,391,-1.435081958770752,500.0,990000
2527,,,,,1968,,220.48574261999994,391,,500.0,990000
2527,,,,,1972,,220.48574261999994,391,,500.0,990000
2527,,,,,1976,,220.48574261999994,391,,500.0,990000
2527,,,,,1980,,220.48574261999994,391,,500.0,990000
2553,49834,0.00075,-31.749671936035156,1.1494510173797607,1984,0.011395390145480633,291.36640034,391,-2.415354013442993,500.0,1000000
2553,,,,,1988,,291.36640034,391,,500.0,1000000
2553,,,,,1992,,291.36640034,391,,500.0,1000000
2553,,,,,1996,,291.36640034,391,,500.0,1000000
2553,,,,,2000,,291.36640034,391,,500.0,1000000
