train/actor_loss,rollout/ep_len_mean,train/ent_coef_loss,time/total_timesteps,train/critic_loss,train/ent_coef,rollout/ep_rew_mean,time/fps,train/n_updates,time/episodes,train/learning_rate,time/time_elapsed
-12.093986511230469,500.0,-2.946396827697754,10000,0.05080317705869675,0.7788388133049011,1.5849246000000001,455,334,4,0.00075,21
,500.0,,10000,,,1.5849246000000001,455,,8,,21
,500.0,,10000,,,1.5849246000000001,455,,12,,21
,500.0,,10000,,,1.5849246000000001,455,,16,,21
,500.0,,10000,,,1.5849246000000001,455,,20,,21
-15.827220916748047,500.0,-7.383713722229004,20000,0.04415860399603844,0.535219132900238,1.53007525,426,834,24,0.00075,46
,500.0,,20000,,,1.53007525,426,,28,,46
,500.0,,20000,,,1.53007525,426,,32,,46
,500.0,,20000,,,1.53007525,426,,36,,46
,500.0,,20000,,,1.53007525,426,,40,,46
-18.89223861694336,500.0,-11.768489837646484,30000,0.02590850740671158,0.36782243847846985,1.4887127333333334,417,1334,44,0.00075,71
,500.0,,30000,,,1.4887127333333334,417,,48,,71
,500.0,,30000,,,1.4887127333333334,417,,52,,71
,500.0,,30000,,,1.4887127333333334,417,,56,,71
,500.0,,30000,,,1.4887127333333334,417,,60,,71
-20.885629653930664,500.0,-16.141366958618164,40000,0.05806843191385269,0.2528359591960907,1.455834425,412,1834,64,0.00075,97
,500.0,,40000,,,1.455834425,412,,68,,97
,500.0,,40000,,,1.455834425,412,,72,,97
,500.0,,40000,,,1.455834425,412,,76,,97
,500.0,,40000,,,1.455834425,411,,80,,97
-21.81183433532715,500.0,-20.64388656616211,50000,0.027272572740912437,0.17381206154823303,1.6469347099999998,408,2334,84,0.00075,122
,500.0,,50000,,,1.6469347099999998,408,,88,,122
,500.0,,50000,,,1.6469347099999998,408,,92,,122
,500.0,,50000,,,1.6469347099999998,408,,96,,122
,500.0,,50000,,,1.6469347099999998,408,,100,,122
-22.294193267822266,500.0,-24.984577178955078,60000,0.03511239215731621,0.119535893201828,1.7490409500000001,407,2834,104,0.00075,147
,500.0,,60000,,,1.7490409500000001,407,,108,,147
,500.0,,60000,,,1.7490409500000001,407,,112,,147
,500.0,,60000,,,1.7490409500000001,407,,116,,147
,500.0,,60000,,,1.7490409500000001,407,,120,,147
-22.374065399169922,500.0,-29.164966583251953,70000,0.04270556569099426,0.08232808858156204,1.9714202300000003,405,3334,124,0.00075,172
,500.0,,70000,,,1.9714202300000003,405,,128,,172
,500.0,,70000,,,1.9714202300000003,405,,132,,172
,500.0,,70000,,,1.9714202300000003,405,,136,,172
,500.0,,70000,,,1.9714202300000003,405,,140,,172
-22.20368003845215,500.0,-33.21039581298828,80000,0.029233917593955994,0.056766077876091,2.1783595799999995,404,3834,144,0.00075,197
,500.0,,80000,,,2.1783595799999995,404,,148,,197
,500.0,,80000,,,2.1783595799999995,404,,152,,197
,500.0,,80000,,,2.1783595799999995,404,,156,,197
,500.0,,80000,,,2.1783595799999995,404,,160,,197
-21.817922592163086,500.0,-37.092105865478516,90000,0.02168826013803482,0.0392455980181694,3.0862273599999996,403,4334,164,0.00075,222
,500.0,,90000,,,3.0862273599999996,403,,168,,222
,500.0,,90000,,,3.0862273599999996,403,,172,,222
,500.0,,90000,,,3.0862273599999996,403,,176,,222
,500.0,,90000,,,3.0862273599999996,403,,180,,223
-21.316556930541992,500.0,-39.43647766113281,100000,0.03834515064954758,0.027278441935777664,2.8614150599999992,402,4834,184,0.00075,248
,500.0,,100000,,,2.8614150599999992,402,,188,,248
,500.0,,100000,,,2.8614150599999992,402,,192,,248
,500.0,,100000,,,2.8614150599999992,402,,196,,248
,500.0,,100000,,,2.8614150599999992,402,,200,,248
-20.71133041381836,500.0,-40.49143981933594,110000,0.4760698080062866,0.019096238538622856,3.62867023,400,5334,204,0.00075,274
,500.0,,110000,,,3.62867023,400,,208,,274
,500.0,,110000,,,3.62867023,400,,212,,274
,500.0,,110000,,,3.62867023,400,,216,,274
,500.0,,110000,,,3.62867023,400,,220,,274
-20.526874542236328,500.0,-45.20379638671875,120000,0.026745501905679703,0.013687058351933956,3.59560264,400,5834,224,0.00075,299
,500.0,,120000,,,3.59560264,400,,228,,299
,500.0,,120000,,,3.59560264,400,,232,,299
,500.0,,120000,,,3.59560264,400,,236,,299
,500.0,,120000,,,3.59560264,400,,240,,299
-19.53477668762207,500.0,-37.476593017578125,130000,5.493393421173096,0.010075293481349945,4.949015789999999,399,6334,244,0.00075,325
,500.0,,130000,,,4.949015789999999,399,,248,,325
,500.0,,130000,,,4.949015789999999,399,,252,,325
,500.0,,130000,,,4.949015789999999,399,,256,,325
,500.0,,130000,,,4.949015789999999,399,,260,,325
-18.787090301513672,500.0,-23.174083709716797,140000,3.309998035430908,0.007547121495008469,5.89520503,397,6834,264,0.00075,351
,500.0,,140000,,,5.89520503,397,,268,,351
,500.0,,140000,,,5.89520503,397,,272,,351
,500.0,,140000,,,5.89520503,397,,276,,352
,500.0,,140000,,,5.89520503,397,,280,,352
-18.990707397460938,500.0,-28.772193908691406,150000,0.01966472528874874,0.005832758732140064,6.11504435,397,7334,284,0.00075,377
,500.0,,150000,,,6.11504435,397,,288,,377
,500.0,,150000,,,6.11504435,397,,292,,377
,500.0,,150000,,,6.11504435,397,,296,,377
,500.0,,150000,,,6.11504435,397,,300,,377
-18.34101104736328,500.0,-13.261690139770508,160000,0.053195465356111526,0.004719214513897896,5.111847300000001,397,7834,304,0.00075,402
,500.0,,160000,,,5.111847300000001,397,,308,,402
,500.0,,160000,,,5.111847300000001,397,,312,,402
,500.0,,160000,,,5.111847300000001,397,,316,,402
,500.0,,160000,,,5.111847300000001,397,,320,,402
-17.756786346435547,500.0,-17.586183547973633,170000,0.026753144338726997,0.004041784908622503,5.657132460000001,397,8334,324,0.00075,427
,500.0,,170000,,,5.657132460000001,397,,328,,427
,500.0,,170000,,,5.657132460000001,397,,332,,427
,500.0,,170000,,,5.657132460000001,397,,336,,428
,500.0,,170000,,,5.657132460000001,397,,340,,428
-17.695770263671875,500.0,-1.727813720703125,180000,0.03423968330025673,0.0036824410781264305,4.4048009200000005,396,8834,344,0.00075,454
,500.0,,180000,,,4.4048009200000005,396,,348,,454
,500.0,,180000,,,4.4048009200000005,396,,352,,454
,500.0,,180000,,,4.4048009200000005,396,,356,,454
,500.0,,180000,,,4.4048009200000005,396,,360,,454
-16.74932098388672,500.0,-7.057060241699219,190000,0.1004355326294899,0.0033840870019048452,2.48566081,395,9334,364,0.00075,480
,500.0,,190000,,,2.48566081,395,,368,,480
,500.0,,190000,,,2.48566081,395,,372,,480
,500.0,,190000,,,2.48566081,395,,376,,480
,500.0,,190000,,,2.48566081,395,,380,,480
-16.74822235107422,500.0,10.780632019042969,200000,0.02374456822872162,0.003007972612977028,2.5380668,394,9834,384,0.00075,506
,500.0,,200000,,,2.5380668,394,,388,,506
,500.0,,200000,,,2.5380668,394,,392,,506
,500.0,,200000,,,2.5380668,394,,396,,506
,500.0,,200000,,,2.5380668,394,,400,,506
-16.19972038269043,500.0,3.701213836669922,210000,0.02294127643108368,0.002916707657277584,5.86038504,394,10334,404,0.00075,532
,500.0,,210000,,,5.86038504,394,,408,,532
,500.0,,210000,,,5.86038504,394,,412,,532
,500.0,,210000,,,5.86038504,394,,416,,532
,500.0,,210000,,,5.86038504,394,,420,,532
-15.845380783081055,500.0,0.9019086360931396,220000,0.049658045172691345,0.002890113741159439,5.460782129999999,393,10834,424,0.00075,559
,500.0,,220000,,,5.460782129999999,393,,428,,559
,500.0,,220000,,,5.460782129999999,393,,432,,559
,500.0,,220000,,,5.460782129999999,393,,436,,559
,500.0,,220000,,,5.460782129999999,393,,440,,559
-15.173025131225586,500.0,-5.988008975982666,230000,0.017480799928307533,0.0026855277828872204,5.07947416,393,11334,444,0.00075,585
,500.0,,230000,,,5.07947416,393,,448,,585
,500.0,,230000,,,5.07947416,393,,452,,585
,500.0,,230000,,,5.07947416,393,,456,,585
,500.0,,230000,,,5.07947416,393,,460,,585
-15.066505432128906,500.0,8.316645622253418,240000,0.02604694291949272,0.00255084247328341,5.08209833,392,11834,464,0.00075,611
,500.0,,240000,,,5.08209833,392,,468,,611
,500.0,,240000,,,5.08209833,392,,472,,611
,500.0,,240000,,,5.08209833,392,,476,,611
,500.0,,240000,,,5.08209833,392,,480,,611
-14.837971687316895,500.0,-9.431142807006836,250000,0.014211961068212986,0.0026813552249222994,5.666060109999998,391,12334,484,0.00075,638
,500.0,,250000,,,5.666060109999998,391,,488,,638
,500.0,,250000,,,5.666060109999998,391,,492,,638
,500.0,,250000,,,5.666060109999998,391,,496,,638
,500.0,,250000,,,5.666060109999998,391,,500,,638
-14.506036758422852,500.0,9.894890785217285,260000,0.019567664712667465,0.0023806404788047075,2.7277250399999997,391,12834,504,0.00075,663
,500.0,,260000,,,2.7277250399999997,391,,508,,663
,500.0,,260000,,,2.7277250399999997,391,,512,,663
,500.0,,260000,,,2.7277250399999997,391,,516,,663
,500.0,,260000,,,2.7277250399999997,391,,520,,663
-14.048816680908203,500.0,4.225882530212402,270000,1.8499313592910767,0.0023253089748322964,2.4042787199999998,391,13334,524,0.00075,689
,500.0,,270000,,,2.4042787199999998,391,,528,,689
,500.0,,270000,,,2.4042787199999998,391,,532,,689
,500.0,,270000,,,2.4042787199999998,391,,536,,689
,500.0,,270000,,,2.4042787199999998,391,,540,,689
-13.94621753692627,500.0,-1.833853840827942,280000,0.019636226817965508,0.002176488284021616,2.657778230000001,390,13834,544,0.00075,716
,500.0,,280000,,,2.657778230000001,390,,548,,716
,500.0,,280000,,,2.657778230000001,390,,552,,716
,500.0,,280000,,,2.657778230000001,390,,556,,716
,500.0,,280000,,,2.657778230000001,390,,560,,716
-13.534210205078125,500.0,-6.215656280517578,290000,1.7611217498779297,0.0023154704831540585,4.3527020300000006,390,14334,564,0.00075,743
,500.0,,290000,,,4.3527020300000006,390,,568,,743
,500.0,,290000,,,4.3527020300000006,390,,572,,743
,500.0,,290000,,,4.3527020300000006,390,,576,,743
,500.0,,290000,,,4.3527020300000006,390,,580,,743
-13.508003234863281,500.0,-2.1807355880737305,300000,0.017132896929979324,0.0020869176369160414,3.8639147099999995,389,14834,584,0.00075,770
,500.0,,300000,,,3.8639147099999995,389,,588,,770
,500.0,,300000,,,3.8639147099999995,389,,592,,770
,500.0,,300000,,,3.8639147099999995,389,,596,,770
,500.0,,300000,,,3.8639147099999995,389,,600,,770
-12.614126205444336,500.0,-0.7125917673110962,310000,0.7535499334335327,0.0023371342103928328,4.2965677399999995,389,15334,604,0.00075,796
,500.0,,310000,,,4.2965677399999995,389,,608,,796
,500.0,,310000,,,4.2965677399999995,389,,612,,796
,500.0,,310000,,,4.2965677399999995,389,,616,,796
,500.0,,310000,,,4.2965677399999995,389,,620,,796
-12.497596740722656,500.0,4.697232246398926,320000,1.3294081687927246,0.0020794228184968233,4.80118729,389,15834,624,0.00075,822
,500.0,,320000,,,4.80118729,389,,628,,822
,500.0,,320000,,,4.80118729,389,,632,,822
,500.0,,320000,,,4.80118729,389,,636,,822
,500.0,,320000,,,4.80118729,389,,640,,822
-12.197330474853516,500.0,16.16098403930664,330000,0.013976279646158218,0.0020449005533009768,4.973571290000001,389,16334,644,0.00075,847
,500.0,,330000,,,4.973571290000001,389,,648,,847
,500.0,,330000,,,4.973571290000001,389,,652,,847
,500.0,,330000,,,4.973571290000001,389,,656,,847
,500.0,,330000,,,4.973571290000001,389,,660,,847
-12.255126953125,500.0,4.595993995666504,340000,0.011493231169879436,0.001992422854527831,5.22465153,389,16834,664,0.00075,873
,500.0,,340000,,,5.22465153,389,,668,,873
,500.0,,340000,,,5.22465153,389,,672,,873
,500.0,,340000,,,5.22465153,389,,676,,873
,500.0,,340000,,,5.22465153,389,,680,,873
-11.879552841186523,500.0,6.112153053283691,350000,0.02059466950595379,0.0020013172179460526,5.32456861,389,17334,684,0.00075,898
,500.0,,350000,,,5.32456861,389,,688,,898
,500.0,,350000,,,5.32456861,389,,692,,898
,500.0,,350000,,,5.32456861,389,,696,,898
,500.0,,350000,,,5.32456861,389,,700,,898
-11.958776473999023,500.0,-12.291648864746094,360000,0.01773928664624691,0.0020186330657452345,5.04576834,389,17834,704,0.00075,925
,500.0,,360000,,,5.04576834,389,,708,,925
,500.0,,360000,,,5.04576834,389,,712,,925
,500.0,,360000,,,5.04576834,389,,716,,925
,500.0,,360000,,,5.04576834,389,,720,,925
-11.143807411193848,500.0,-3.5784339904785156,370000,0.027420923113822937,0.0018089164514094591,5.360540100000001,388,18334,724,0.00075,951
,500.0,,370000,,,5.360540100000001,388,,728,,951
,500.0,,370000,,,5.360540100000001,388,,732,,951
,500.0,,370000,,,5.360540100000001,388,,736,,951
,500.0,,370000,,,5.360540100000001,388,,740,,951
-11.397918701171875,500.0,-8.609389305114746,380000,0.9583157896995544,0.0016768038040027022,5.757968579999999,388,18834,744,0.00075,977
,500.0,,380000,,,5.757968579999999,388,,748,,977
,500.0,,380000,,,5.757968579999999,388,,752,,977
,500.0,,380000,,,5.757968579999999,388,,756,,977
,500.0,,380000,,,5.757968579999999,388,,760,,977
-11.107250213623047,500.0,4.566194534301758,390000,0.016521571204066277,0.0015636604512110353,4.64794924,388,19334,764,0.00075,1002
,500.0,,390000,,,4.64794924,388,,768,,1002
,500.0,,390000,,,4.64794924,388,,772,,1002
,500.0,,390000,,,4.64794924,388,,776,,1002
,500.0,,390000,,,4.64794924,388,,780,,1002
-10.782415390014648,500.0,-1.5001989603042603,400000,0.007233013864606619,0.0015853887889534235,5.043517919999999,388,19834,784,0.00075,1029
,500.0,,400000,,,5.043517919999999,388,,788,,1029
,500.0,,400000,,,5.043517919999999,388,,792,,1029
,500.0,,400000,,,5.043517919999999,388,,796,,1029
,500.0,,400000,,,5.043517919999999,388,,800,,1029
-10.805224418640137,500.0,-13.763726234436035,410000,0.009171182289719582,0.0015104726189747453,5.17328621,388,20334,804,0.00075,1055
,500.0,,410000,,,5.17328621,388,,808,,1055
,500.0,,410000,,,5.17328621,388,,812,,1055
,500.0,,410000,,,5.17328621,388,,816,,1055
,500.0,,410000,,,5.17328621,388,,820,,1055
-10.536247253417969,500.0,-3.9276647567749023,420000,0.023381754755973816,0.0014992505311965942,5.006625709999999,388,20834,824,0.00075,1081
,500.0,,420000,,,5.006625709999999,388,,828,,1081
,500.0,,420000,,,5.006625709999999,388,,832,,1081
,500.0,,420000,,,5.006625709999999,388,,836,,1081
,500.0,,420000,,,5.006625709999999,388,,840,,1081
-9.806047439575195,500.0,8.742502212524414,430000,0.009306849911808968,0.0014740789774805307,6.51762769,388,21334,844,0.00075,1107
,500.0,,430000,,,6.51762769,388,,848,,1107
,500.0,,430000,,,6.51762769,388,,852,,1107
,500.0,,430000,,,6.51762769,388,,856,,1107
,500.0,,430000,,,6.51762769,388,,860,,1107
-9.743175506591797,500.0,-7.726247787475586,440000,0.020881664007902145,0.0015343022532761097,7.74718553,388,21834,864,0.00075,1132
,500.0,,440000,,,7.74718553,388,,868,,1132
,500.0,,440000,,,7.74718553,388,,872,,1132
,500.0,,440000,,,7.74718553,388,,876,,1132
,500.0,,440000,,,7.74718553,388,,880,,1132
-9.445123672485352,500.0,3.9581573009490967,450000,0.01604340597987175,0.0015541922766715288,8.705033859999999,388,22334,884,0.00075,1158
,500.0,,450000,,,8.705033859999999,388,,888,,1158
,500.0,,450000,,,8.705033859999999,388,,892,,1158
,500.0,,450000,,,8.705033859999999,388,,896,,1158
,500.0,,450000,,,8.705033859999999,388,,900,,1158
-9.423097610473633,500.0,2.541592597961426,460000,0.010278141126036644,0.0015233686426654458,10.02186996,388,22834,904,0.00075,1184
,500.0,,460000,,,10.02186996,388,,908,,1184
,500.0,,460000,,,10.02186996,388,,912,,1184
,500.0,,460000,,,10.02186996,388,,916,,1184
,500.0,,460000,,,10.02186996,388,,920,,1184
-9.269840240478516,500.0,-5.214249610900879,470000,1.7329837083816528,0.0014844895340502262,11.991141729999999,388,23334,924,0.00075,1210
,500.0,,470000,,,11.991141729999999,388,,928,,1210
,500.0,,470000,,,11.991141729999999,388,,932,,1210
,500.0,,470000,,,11.991141729999999,388,,936,,1210
,500.0,,470000,,,11.991141729999999,388,,940,,1210
-9.072172164916992,500.0,-2.809101104736328,480000,0.017622053623199463,0.0013956964248791337,10.383075569999999,388,23834,944,0.00075,1235
,500.0,,480000,,,10.383075569999999,388,,948,,1235
,500.0,,480000,,,10.383075569999999,388,,952,,1235
,500.0,,480000,,,10.383075569999999,388,,956,,1235
,500.0,,480000,,,10.383075569999999,388,,960,,1235
-8.871014595031738,500.0,7.718590259552002,490000,0.010377087630331516,0.001378047512844205,12.063040100000002,388,24334,964,0.00075,1262
,500.0,,490000,,,12.063040100000002,388,,968,,1262
,500.0,,490000,,,12.063040100000002,388,,972,,1262
,500.0,,490000,,,12.063040100000002,388,,976,,1262
,500.0,,490000,,,12.063040100000002,388,,980,,1262
-8.691352844238281,500.0,-10.200675010681152,500000,0.010462421923875809,0.0014727306552231312,11.873221019999999,388,24834,984,0.00075,1287
,500.0,,500000,,,11.873221019999999,388,,988,,1287
,500.0,,500000,,,11.873221019999999,388,,992,,1287
,500.0,,500000,,,11.873221019999999,388,,996,,1287
,500.0,,500000,,,11.873221019999999,388,,1000,,1287
-8.649505615234375,500.0,-9.860098838806152,510000,0.011975018307566643,0.0015422652941197157,12.74980946,388,25334,1004,0.00075,1313
,500.0,,510000,,,12.74980946,388,,1008,,1313
,500.0,,510000,,,12.74980946,388,,1012,,1313
,500.0,,510000,,,12.74980946,388,,1016,,1313
,500.0,,510000,,,12.74980946,388,,1020,,1313
-8.27916145324707,500.0,2.0552878379821777,520000,0.018393229693174362,0.0014142805011942983,11.811543430000002,388,25834,1024,0.00075,1339
,500.0,,520000,,,11.811543430000002,388,,1028,,1339
,500.0,,520000,,,11.811543430000002,388,,1032,,1339
,500.0,,520000,,,11.811543430000002,388,,1036,,1339
,500.0,,520000,,,11.811543430000002,388,,1040,,1339
-8.033954620361328,500.0,-14.51174545288086,530000,0.009805597364902496,0.0015031180810183287,16.78245674,388,26334,1044,0.00075,1365
,500.0,,530000,,,16.78245674,388,,1048,,1365
,500.0,,530000,,,16.78245674,388,,1052,,1365
,500.0,,530000,,,16.78245674,388,,1056,,1365
,500.0,,530000,,,16.78245674,388,,1060,,1365
-7.988868236541748,500.0,-1.0290114879608154,540000,1.253143548965454,0.0016675543738529086,18.74786588,388,26834,1064,0.00075,1391
,500.0,,540000,,,18.74786588,388,,1068,,1391
,500.0,,540000,,,18.74786588,388,,1072,,1391
,500.0,,540000,,,18.74786588,388,,1076,,1391
,500.0,,540000,,,18.74786588,388,,1080,,1391
-7.925333499908447,500.0,12.719735145568848,550000,0.017649080604314804,0.001476199715398252,19.18340099,388,27334,1084,0.00075,1416
,500.0,,550000,,,19.18340099,388,,1088,,1416
,500.0,,550000,,,19.18340099,388,,1092,,1416
,500.0,,550000,,,19.18340099,388,,1096,,1416
,500.0,,550000,,,19.18340099,388,,1100,,1416
-7.844027042388916,500.0,8.889490127563477,560000,0.011993704363703728,0.001551129505969584,22.036819840000003,388,27834,1104,0.00075,1441
,500.0,,560000,,,22.036819840000003,388,,1108,,1441
,500.0,,560000,,,22.036819840000003,388,,1112,,1441
,500.0,,560000,,,22.036819840000003,388,,1116,,1441
,500.0,,560000,,,22.036819840000003,388,,1120,,1441
-7.6041388511657715,500.0,3.9130308628082275,570000,0.9062591791152954,0.0015559489838778973,21.836645739999998,388,28334,1124,0.00075,1467
,500.0,,570000,,,21.836645739999998,388,,1128,,1467
,500.0,,570000,,,21.836645739999998,388,,1132,,1467
,500.0,,570000,,,21.836645739999998,388,,1136,,1467
,500.0,,570000,,,21.836645739999998,388,,1140,,1467
-7.554669380187988,500.0,-7.157163143157959,580000,0.03274184465408325,0.00160297192633152,19.386075320000003,388,28834,1144,0.00075,1493
,500.0,,580000,,,19.386075320000003,388,,1148,,1493
,500.0,,580000,,,19.386075320000003,388,,1152,,1493
,500.0,,580000,,,19.386075320000003,388,,1156,,1493
,500.0,,580000,,,19.386075320000003,388,,1160,,1493
-7.456301689147949,500.0,3.307300329208374,590000,0.017577100545167923,0.0017815716564655304,15.471543839999999,388,29334,1164,0.00075,1519
,500.0,,590000,,,15.471543839999999,388,,1168,,1519
,500.0,,590000,,,15.471543839999999,388,,1172,,1519
,500.0,,590000,,,15.471543839999999,388,,1176,,1519
,500.0,,590000,,,15.471543839999999,388,,1180,,1519
-7.548735618591309,500.0,6.942104339599609,600000,0.016286375001072884,0.001942194881848991,18.857329590000003,388,29834,1184,0.00075,1545
,500.0,,600000,,,18.857329590000003,388,,1188,,1545
,500.0,,600000,,,18.857329590000003,388,,1192,,1545
,500.0,,600000,,,18.857329590000003,388,,1196,,1545
,500.0,,600000,,,18.857329590000003,388,,1200,,1545
-7.228352069854736,500.0,1.290773868560791,610000,0.01862751692533493,0.0014940088149160147,15.626386069999999,388,30334,1204,0.00075,1570
,500.0,,610000,,,15.626386069999999,388,,1208,,1570
,500.0,,610000,,,15.626386069999999,388,,1212,,1570
,500.0,,610000,,,15.626386069999999,388,,1216,,1570
,500.0,,610000,,,15.626386069999999,388,,1220,,1570
-7.3264546394348145,500.0,-5.343704700469971,620000,0.020691674202680588,0.0016291632782667875,21.418446080000002,388,30834,1224,0.00075,1596
,500.0,,620000,,,21.418446080000002,388,,1228,,1596
,500.0,,620000,,,21.418446080000002,388,,1232,,1596
,500.0,,620000,,,21.418446080000002,388,,1236,,1596
,500.0,,620000,,,21.418446080000002,388,,1240,,1596
-7.111539840698242,500.0,4.172343730926514,630000,0.025661665946245193,0.0016383215552195907,23.193492429999996,388,31334,1244,0.00075,1622
,500.0,,630000,,,23.193492429999996,388,,1248,,1622
,500.0,,630000,,,23.193492429999996,388,,1252,,1622
,500.0,,630000,,,23.193492429999996,388,,1256,,1622
,500.0,,630000,,,23.193492429999996,388,,1260,,1622
-7.145855903625488,500.0,-8.73538875579834,640000,0.026085812598466873,0.0019300509011372924,28.992743559999997,388,31834,1264,0.00075,1647
,500.0,,640000,,,28.992743559999997,388,,1268,,1647
,500.0,,640000,,,28.992743559999997,388,,1272,,1647
,500.0,,640000,,,28.992743559999997,388,,1276,,1647
,500.0,,640000,,,28.992743559999997,388,,1280,,1647
-7.235308647155762,500.0,4.449665546417236,650000,0.024379514157772064,0.0018304820405319333,24.4957948,388,32334,1284,0.00075,1673
,500.0,,650000,,,24.4957948,388,,1288,,1673
,500.0,,650000,,,24.4957948,388,,1292,,1673
,500.0,,650000,,,24.4957948,388,,1296,,1673
,500.0,,650000,,,24.4957948,388,,1300,,1673
-6.832250595092773,500.0,-5.17611837387085,660000,0.03321070969104767,0.0018594524590298533,35.452169430000005,388,32834,1304,0.00075,1699
,500.0,,660000,,,35.452169430000005,388,,1308,,1699
,500.0,,660000,,,35.452169430000005,388,,1312,,1699
,500.0,,660000,,,35.452169430000005,388,,1316,,1699
,500.0,,660000,,,35.452169430000005,388,,1320,,1699
-6.980688571929932,500.0,9.780573844909668,670000,0.030279505997896194,0.0020521406549960375,45.86150371000001,388,33334,1324,0.00075,1724
,500.0,,670000,,,45.86150371000001,388,,1328,,1724
,500.0,,670000,,,45.86150371000001,388,,1332,,1724
,500.0,,670000,,,45.86150371000001,388,,1336,,1724
,500.0,,670000,,,45.86150371000001,388,,1340,,1724
-7.08591365814209,500.0,-2.6805222034454346,680000,0.04950805753469467,0.0020858917851001024,56.90856525,388,33834,1344,0.00075,1751
,500.0,,680000,,,56.90856525,388,,1348,,1751
,500.0,,680000,,,56.90856525,388,,1352,,1751
,500.0,,680000,,,56.90856525,388,,1356,,1751
,500.0,,680000,,,56.90856525,388,,1360,,1751
-7.194975852966309,500.0,5.919380187988281,690000,0.050817690789699554,0.002335152355954051,58.56045033000001,388,34334,1364,0.00075,1777
,500.0,,690000,,,58.56045033000001,388,,1368,,1777
,500.0,,690000,,,58.56045033000001,388,,1372,,1777
,500.0,,690000,,,58.56045033000001,388,,1376,,1777
,500.0,,690000,,,58.56045033000001,388,,1380,,1777
-6.665469169616699,500.0,-4.774738788604736,700000,0.33334338665008545,0.002374872798100114,76.93094120999999,388,34834,1384,0.00075,1802
,500.0,,700000,,,76.93094120999999,388,,1388,,1802
,500.0,,700000,,,76.93094120999999,388,,1392,,1802
,500.0,,700000,,,76.93094120999999,388,,1396,,1802
,500.0,,700000,,,76.93094120999999,388,,1400,,1802
-6.868318557739258,500.0,-0.3066904544830322,710000,0.06537546962499619,0.0026783915236592293,105.69095456000001,388,35334,1404,0.00075,1827
,500.0,,710000,,,105.69095456000001,388,,1408,,1827
,500.0,,710000,,,105.69095456000001,388,,1412,,1827
,500.0,,710000,,,105.69095456000001,388,,1416,,1827
,500.0,,710000,,,105.69095456000001,388,,1420,,1827
-6.667660236358643,500.0,-0.7178332805633545,720000,0.06221264973282814,0.0026718212757259607,97.55613937,388,35834,1424,0.00075,1853
,500.0,,720000,,,97.55613937,388,,1428,,1853
,500.0,,720000,,,97.55613937,388,,1432,,1853
,500.0,,720000,,,97.55613937,388,,1436,,1853
,500.0,,720000,,,97.55613937,388,,1440,,1853
-7.050042152404785,500.0,-2.258211135864258,730000,0.07321383059024811,0.002635346259921789,108.12460693999999,388,36334,1444,0.00075,1880
,500.0,,730000,,,108.12460693999999,388,,1448,,1880
,500.0,,730000,,,108.12460693999999,388,,1452,,1880
,500.0,,730000,,,108.12460693999999,388,,1456,,1880
,500.0,,730000,,,108.12460693999999,388,,1460,,1880
-8.555859565734863,500.0,10.506303787231445,740000,0.16333183646202087,0.0033950291108340025,112.14742675000001,388,36834,1464,0.00075,1905
,500.0,,740000,,,112.14742675000001,388,,1468,,1905
,500.0,,740000,,,112.14742675000001,388,,1472,,1905
,500.0,,740000,,,112.14742675000001,388,,1476,,1905
,500.0,,740000,,,112.14742675000001,388,,1480,,1905
-7.542692184448242,500.0,-10.98231315612793,750000,0.0420207604765892,0.003678808454424143,110.04871002999998,388,37334,1484,0.00075,1932
,500.0,,750000,,,110.04871002999998,388,,1488,,1932
,500.0,,750000,,,110.04871002999998,388,,1492,,1932
,500.0,,750000,,,110.04871002999998,388,,1496,,1932
,500.0,,750000,,,110.04871002999998,388,,1500,,1932
-8.078007698059082,500.0,-8.871116638183594,760000,0.0985301211476326,0.0035654737148433924,133.49153059999998,388,37834,1504,0.00075,1957
,500.0,,760000,,,133.49153059999998,388,,1508,,1957
,500.0,,760000,,,133.49153059999998,388,,1512,,1957
,500.0,,760000,,,133.49153059999998,388,,1516,,1957
,500.0,,760000,,,133.49153059999998,388,,1520,,1957
-8.502201080322266,500.0,-0.26325997710227966,770000,0.055559903383255005,0.0034061772748827934,156.97974920000001,387,38334,1524,0.00075,1984
,500.0,,770000,,,156.97974920000001,387,,1528,,1984
,500.0,,770000,,,156.97974920000001,387,,1532,,1984
,500.0,,770000,,,156.97974920000001,387,,1536,,1984
,500.0,,770000,,,156.97974920000001,387,,1540,,1984
-7.863302230834961,500.0,10.180590629577637,780000,0.19565966725349426,0.0037480208557099104,154.38677042999998,387,38834,1544,0.00075,2011
,500.0,,780000,,,154.38677042999998,387,,1548,,2011
,500.0,,780000,,,154.38677042999998,387,,1552,,2011
,500.0,,780000,,,154.38677042999998,387,,1556,,2011
,500.0,,780000,,,154.38677042999998,387,,1560,,2011
-8.506957054138184,500.0,1.2970038652420044,790000,0.37360724806785583,0.004148540552705526,198.34616483000005,387,39334,1564,0.00075,2036
,500.0,,790000,,,198.34616483000005,387,,1568,,2036
,500.0,,790000,,,198.34616483000005,387,,1572,,2036
,500.0,,790000,,,198.34616483000005,387,,1576,,2036
,500.0,,790000,,,198.34616483000005,387,,1580,,2036
-8.384200096130371,500.0,5.610437870025635,800000,0.12530118227005005,0.00396747887134552,238.06871685000002,387,39834,1584,0.00075,2062
,500.0,,800000,,,238.06871685000002,387,,1588,,2062
,500.0,,800000,,,238.06871685000002,387,,1592,,2062
,500.0,,800000,,,238.06871685000002,387,,1596,,2062
,500.0,,800000,,,238.06871685000002,387,,1600,,2062
-8.317389488220215,500.0,-7.649044513702393,810000,0.4569332003593445,0.003915873356163502,192.51194858000002,387,40334,1604,0.00075,2088
,500.0,,810000,,,192.51194858000002,387,,1608,,2088
,500.0,,810000,,,192.51194858000002,387,,1612,,2088
,500.0,,810000,,,192.51194858000002,387,,1616,,2088
,500.0,,810000,,,192.51194858000002,387,,1620,,2088
-9.893754005432129,500.0,8.389667510986328,820000,0.08309967815876007,0.003929288126528263,209.31019910000003,387,40834,1624,0.00075,2113
,500.0,,820000,,,209.31019910000003,387,,1628,,2113
,500.0,,820000,,,209.31019910000003,387,,1632,,2113
,500.0,,820000,,,209.31019910000003,387,,1636,,2113
,500.0,,820000,,,209.31019910000003,387,,1640,,2113
-11.46741771697998,500.0,1.5320920944213867,830000,0.14970260858535767,0.004621091764420271,260.48627061,387,41334,1644,0.00075,2139
,500.0,,830000,,,260.48627061,387,,1648,,2139
,500.0,,830000,,,260.48627061,387,,1652,,2139
,500.0,,830000,,,260.48627061,387,,1656,,2139
,500.0,,830000,,,260.48627061,387,,1660,,2139
-9.976384162902832,500.0,0.00812983512878418,840000,0.12666082382202148,0.00443224934861064,247.99480829999996,387,41834,1664,0.00075,2164
,500.0,,840000,,,247.99480829999996,387,,1668,,2164
,500.0,,840000,,,247.99480829999996,387,,1672,,2164
,500.0,,840000,,,247.99480829999996,387,,1676,,2164
,500.0,,840000,,,247.99480829999996,387,,1680,,2164
-12.783886909484863,500.0,-1.5143241882324219,850000,0.20884738862514496,0.004820234142243862,226.98211766999998,388,42334,1684,0.00075,2189
,500.0,,850000,,,226.98211766999998,388,,1688,,2189
,500.0,,850000,,,226.98211766999998,388,,1692,,2189
,500.0,,850000,,,226.98211766999998,388,,1696,,2189
,500.0,,850000,,,226.98211766999998,388,,1700,,2189
-12.137411117553711,500.0,2.3172125816345215,860000,0.6086457967758179,0.0050668977200984955,257.43495536,388,42834,1704,0.00075,2215
,500.0,,860000,,,257.43495536,388,,1708,,2215
,500.0,,860000,,,257.43495536,388,,1712,,2215
,500.0,,860000,,,257.43495536,388,,1716,,2215
,500.0,,860000,,,257.43495536,388,,1720,,2215
-12.646170616149902,500.0,0.8353085517883301,870000,0.3356422483921051,0.005097351968288422,246.31594546,388,43334,1724,0.00075,2240
,500.0,,870000,,,246.31594546,388,,1728,,2240
,500.0,,870000,,,246.31594546,388,,1732,,2240
,500.0,,870000,,,246.31594546,388,,1736,,2240
,500.0,,870000,,,246.31594546,388,,1740,,2240
-10.659673690795898,500.0,4.008857250213623,880000,0.19821631908416748,0.005120416637510061,210.47153919000002,388,43834,1744,0.00075,2266
,500.0,,880000,,,210.47153919000002,388,,1748,,2266
,500.0,,880000,,,210.47153919000002,388,,1752,,2266
,500.0,,880000,,,210.47153919000002,388,,1756,,2266
,500.0,,880000,,,210.47153919000002,388,,1760,,2266
-12.471423149108887,500.0,2.7746458053588867,890000,0.20506493747234344,0.005567112006247044,195.38806343,388,44334,1764,0.00075,2292
,500.0,,890000,,,195.38806343,388,,1768,,2292
,500.0,,890000,,,195.38806343,388,,1772,,2292
,500.0,,890000,,,195.38806343,388,,1776,,2292
,500.0,,890000,,,195.38806343,388,,1780,,2292
-11.098882675170898,500.0,-3.9165639877319336,900000,0.10869933664798737,0.005807595793157816,194.20058663999995,388,44834,1784,0.00075,2317
,500.0,,900000,,,194.20058663999995,388,,1788,,2317
,500.0,,900000,,,194.20058663999995,388,,1792,,2317
,500.0,,900000,,,194.20058663999995,388,,1796,,2317
,500.0,,900000,,,194.20058663999995,388,,1800,,2317
-13.442587852478027,500.0,-4.4641547203063965,910000,0.4703311324119568,0.00592441949993372,168.50619114999998,388,45334,1804,0.00075,2343
,500.0,,910000,,,168.50619114999998,388,,1808,,2343
,500.0,,910000,,,168.50619114999998,388,,1812,,2343
,500.0,,910000,,,168.50619114999998,388,,1816,,2343
,500.0,,910000,,,168.50619114999998,388,,1820,,2343
-12.203824996948242,500.0,2.6293039321899414,920000,0.3272891938686371,0.0060586691834032536,176.46095885,388,45834,1824,0.00075,2368
,500.0,,920000,,,176.46095885,388,,1828,,2368
,500.0,,920000,,,176.46095885,388,,1832,,2368
,500.0,,920000,,,176.46095885,388,,1836,,2368
,500.0,,920000,,,176.46095885,388,,1840,,2368
-13.816781997680664,500.0,-0.6651126146316528,930000,0.48397669196128845,0.0062068551778793335,155.47702193,388,46334,1844,0.00075,2394
,500.0,,930000,,,155.47702193,388,,1848,,2394
,500.0,,930000,,,155.47702193,388,,1852,,2394
,500.0,,930000,,,155.47702193,388,,1856,,2394
,500.0,,930000,,,155.47702193,388,,1860,,2394
-16.88337516784668,500.0,1.8267050981521606,940000,0.28238242864608765,0.006929955445230007,152.98534062000002,388,46834,1864,0.00075,2419
,500.0,,940000,,,152.98534062000002,388,,1868,,2419
,500.0,,940000,,,152.98534062000002,388,,1872,,2419
,500.0,,940000,,,152.98534062000002,388,,1876,,2419
,500.0,,940000,,,152.98534062000002,388,,1880,,2419
-14.253405570983887,500.0,3.7934019565582275,950000,0.4285818934440613,0.0062434617429971695,162.79093548000003,388,47334,1884,0.00075,2444
,500.0,,950000,,,162.79093548000003,388,,1888,,2444
,500.0,,950000,,,162.79093548000003,388,,1892,,2444
,500.0,,950000,,,162.79093548000003,388,,1896,,2444
,500.0,,950000,,,162.79093548000003,388,,1900,,2444
-15.022470474243164,500.0,2.222008228302002,960000,0.19649139046669006,0.006833315826952457,177.57309978000004,388,47834,1904,0.00075,2470
,500.0,,960000,,,177.57309978000004,388,,1908,,2470
,500.0,,960000,,,177.57309978000004,388,,1912,,2470
,500.0,,960000,,,177.57309978000004,388,,1916,,2470
,500.0,,960000,,,177.57309978000004,388,,1920,,2470
-17.981647491455078,500.0,8.756452560424805,970000,14.702075958251953,0.0067533222027122974,193.01730693,388,48334,1924,0.00075,2495
,500.0,,970000,,,193.01730693,388,,1928,,2496
,500.0,,970000,,,193.01730693,388,,1932,,2496
,500.0,,970000,,,193.01730693,388,,1936,,2496
,500.0,,970000,,,193.01730693,388,,1940,,2496
-16.90999984741211,500.0,-2.051675796508789,980000,1.010688066482544,0.006569825112819672,214.91177714000005,388,48834,1944,0.00075,2521
,500.0,,980000,,,214.91177714000005,388,,1948,,2521
,500.0,,980000,,,214.91177714000005,388,,1952,,2521
,500.0,,980000,,,214.91177714000005,388,,1956,,2521
,500.0,,980000,,,214.91177714000005,388,,1960,,2521
-15.820438385009766,500.0,-3.539569139480591,990000,0.22793181240558624,0.006855708081275225,257.76665762000005,388,49334,1964,0.00075,2547
,500.0,,990000,,,257.76665762000005,388,,1968,,2547
,500.0,,990000,,,257.76665762000005,388,,1972,,2547
,500.0,,990000,,,257.76665762000005,388,,1976,,2547
,500.0,,990000,,,257.76665762000005,388,,1980,,2547
-18.652652740478516,500.0,1.37092924118042,1000000,0.9584219455718994,0.007174501661211252,266.26881802,388,49834,1984,0.00075,2573
,500.0,,1000000,,,266.26881802,388,,1988,,2573
,500.0,,1000000,,,266.26881802,388,,1992,,2573
,500.0,,1000000,,,266.26881802,388,,1996,,2573
,500.0,,1000000,,,266.26881802,388,,2000,,2573
