train/n_updates,train/ent_coef,rollout/ep_rew_mean,rollout/ep_len_mean,time/fps,time/total_timesteps,train/learning_rate,train/ent_coef_loss,train/critic_loss,time/time_elapsed,time/episodes,train/actor_loss
334,0.7788782119750977,0.45497485,500.0,469,10000,0.00075,-2.9409966468811035,0.06312081217765808,21,4,-12.142045021057129
,,0.45497485,500.0,469,10000,,,,21,8,
,,0.45497485,500.0,469,10000,,,,21,12,
,,0.45497485,500.0,469,10000,,,,21,16,
,,0.45497485,500.0,469,10000,,,,21,20,
834,0.5352173447608948,0.61219005,500.0,439,20000,0.00075,-7.34642219543457,1.508333444595337,45,24,-16.106578826904297
,,0.61219005,500.0,439,20000,,,,45,28,
,,0.61219005,500.0,439,20000,,,,45,32,
,,0.61219005,500.0,439,20000,,,,45,36,
,,0.61219005,500.0,439,20000,,,,45,40,
1334,0.36786821484565735,0.6009452333333333,500.0,429,30000,0.00075,-11.797698020935059,0.02543795108795166,69,44,-19.252853393554688
,,0.6009452333333333,500.0,429,30000,,,,69,48,
,,0.6009452333333333,500.0,429,30000,,,,69,52,
,,0.6009452333333333,500.0,429,30000,,,,69,56,
,,0.6009452333333333,500.0,429,30000,,,,69,60,
1834,0.25287288427352905,0.552494375,500.0,426,40000,0.00075,-16.1793212890625,0.06389300525188446,93,64,-21.01174545288086
,,0.552494375,500.0,426,40000,,,,93,68,
,,0.552494375,500.0,426,40000,,,,93,72,
,,0.552494375,500.0,426,40000,,,,93,76,
,,0.552494375,500.0,426,40000,,,,93,80,
2334,0.173858642578125,0.56917663,500.0,423,50000,0.00075,-20.46575355529785,3.4382665157318115,117,84,-21.880373001098633
,,0.56917663,500.0,423,50000,,,,117,88,
,,0.56917663,500.0,423,50000,,,,117,92,
,,0.56917663,500.0,423,50000,,,,117,96,
,,0.56917663,500.0,423,50000,,,,117,100,
2834,0.11959675699472427,0.55286546,500.0,420,60000,0.00075,-24.78006362915039,0.012619582004845142,142,104,-22.436853408813477
,,0.55286546,500.0,420,60000,,,,142,108,
,,0.55286546,500.0,420,60000,,,,142,112,
,,0.55286546,500.0,420,60000,,,,142,116,
,,0.55286546,500.0,420,60000,,,,142,120,
3334,0.08241896331310272,0.5033305100000001,500.0,418,70000,0.00075,-28.777246475219727,0.026980753988027573,167,124,-22.42007064819336
,,0.5033305100000001,500.0,418,70000,,,,167,128,
,,0.5033305100000001,500.0,418,70000,,,,167,132,
,,0.5033305100000001,500.0,418,70000,,,,167,136,
,,0.5033305100000001,500.0,418,70000,,,,167,140,
3834,0.056815240532159805,0.5675695599999999,500.0,416,80000,0.00075,-33.246829986572266,0.020719144493341446,192,144,-22.555339813232422
,,0.5675695599999999,500.0,416,80000,,,,192,148,
,,0.5675695599999999,500.0,416,80000,,,,192,152,
,,0.5675695599999999,500.0,416,80000,,,,192,156,
,,0.5675695599999999,500.0,416,80000,,,,192,160,
4334,0.03919973224401474,0.51767783,500.0,415,90000,0.00075,-36.783180236816406,7.245955467224121,216,164,-21.850645065307617
,,0.51767783,500.0,415,90000,,,,216,168,
,,0.51767783,500.0,415,90000,,,,216,172,
,,0.51767783,500.0,415,90000,,,,216,176,
,,0.51767783,500.0,415,90000,,,,216,180,
4834,0.027280140668153763,0.79677555,500.0,414,100000,0.00075,-41.56937026977539,0.0942336916923523,241,184,-21.419330596923828
,,0.79677555,500.0,414,100000,,,,241,188,
,,0.79677555,500.0,414,100000,,,,241,192,
,,0.79677555,500.0,414,100000,,,,241,196,
,,0.79677555,500.0,414,100000,,,,241,200,
5334,0.019095860421657562,0.7810058,500.0,412,110000,0.00075,-40.58528518676758,0.018161414191126823,266,204,-21.180564880371094
,,0.7810058,500.0,412,110000,,,,266,208,
,,0.7810058,500.0,412,110000,,,,266,212,
,,0.7810058,500.0,412,110000,,,,266,216,
,,0.7810058,500.0,412,110000,,,,266,220,
5834,0.013544303365051746,0.7924353800000001,500.0,409,120000,0.00075,-41.60512924194336,0.10923850536346436,293,224,-20.54023551940918
,,0.7924353800000001,500.0,409,120000,,,,293,228,
,,0.7924353800000001,500.0,409,120000,,,,293,232,
,,0.7924353800000001,500.0,409,120000,,,,293,236,
,,0.7924353800000001,500.0,409,120000,,,,293,240,
6334,0.009994431398808956,0.8818815600000001,500.0,404,130000,0.00075,-30.647151947021484,6.121756553649902,321,244,-19.72647476196289
,,0.8818815600000001,500.0,404,130000,,,,321,248,
,,0.8818815600000001,500.0,404,130000,,,,321,252,
,,0.8818815600000001,500.0,404,130000,,,,321,256,
,,0.8818815600000001,500.0,404,130000,,,,321,260,
6834,0.007528732996433973,0.9670755999999998,500.0,402,140000,0.00075,-37.72705078125,0.03495749831199646,347,264,-19.285369873046875
,,0.9670755999999998,500.0,402,140000,,,,347,268,
,,0.9670755999999998,500.0,402,140000,,,,347,272,
,,0.9670755999999998,500.0,402,140000,,,,347,276,
,,0.9670755999999998,500.0,402,140000,,,,347,280,
7334,0.005857100710272789,0.6607906,500.0,402,150000,0.00075,-29.455141067504883,0.05239103361964226,372,284,-18.873592376708984
,,0.6607906,500.0,402,150000,,,,372,288,
,,0.6607906,500.0,402,150000,,,,372,292,
,,0.6607906,500.0,402,150000,,,,372,296,
,,0.6607906,500.0,402,150000,,,,372,300,
7834,0.004701968282461166,0.62757388,500.0,402,160000,0.00075,-20.795923233032227,0.02282952517271042,397,304,-18.53925132751465
,,0.62757388,500.0,402,160000,,,,397,308,
,,0.62757388,500.0,402,160000,,,,397,312,
,,0.62757388,500.0,402,160000,,,,397,316,
,,0.62757388,500.0,402,160000,,,,397,320,
8334,0.004157765302807093,1.2287074199999999,500.0,400,170000,0.00075,-17.398696899414062,0.029449183493852615,423,324,-17.88450813293457
,,1.2287074199999999,500.0,400,170000,,,,423,328,
,,1.2287074199999999,500.0,400,170000,,,,423,332,
,,1.2287074199999999,500.0,400,170000,,,,423,336,
,,1.2287074199999999,500.0,400,170000,,,,423,340,
8834,0.0037354654632508755,1.2117313399999998,500.0,400,180000,0.00075,-6.3591179847717285,0.06074973940849304,449,344,-17.44161605834961
,,1.2117313399999998,500.0,400,180000,,,,449,348,
,,1.2117313399999998,500.0,400,180000,,,,449,352,
,,1.2117313399999998,500.0,400,180000,,,,449,356,
,,1.2117313399999998,500.0,400,180000,,,,449,360,
9334,0.0034092143177986145,1.22927354,500.0,400,190000,0.00075,2.4006826877593994,0.03161204978823662,473,364,-17.170011520385742
,,1.22927354,500.0,400,190000,,,,473,368,
,,1.22927354,500.0,400,190000,,,,473,372,
,,1.22927354,500.0,400,190000,,,,473,376,
,,1.22927354,500.0,400,190000,,,,473,380,
9834,0.0030286286491900682,1.14424862,500.0,400,200000,0.00075,-1.764208197593689,2.034071922302246,499,384,-16.443561553955078
,,1.14424862,500.0,400,200000,,,,499,388,
,,1.14424862,500.0,400,200000,,,,499,392,
,,1.14424862,500.0,400,200000,,,,499,396,
,,1.14424862,500.0,400,200000,,,,499,400,
10334,0.0029156659729778767,1.12515086,500.0,400,210000,0.00075,1.6836161613464355,0.016560960561037064,524,404,-16.595115661621094
,,1.12515086,500.0,400,210000,,,,524,408,
,,1.12515086,500.0,400,210000,,,,524,412,
,,1.12515086,500.0,400,210000,,,,524,416,
,,1.12515086,500.0,400,210000,,,,524,420,
10834,0.002777006709948182,0.42213411000000006,500.0,398,220000,0.00075,-11.42910099029541,0.019683435559272766,552,424,-16.140453338623047
,,0.42213411000000006,500.0,398,220000,,,,552,428,
,,0.42213411000000006,500.0,398,220000,,,,552,432,
,,0.42213411000000006,500.0,398,220000,,,,552,436,
,,0.42213411000000006,500.0,398,220000,,,,552,440,
11334,0.002575852908194065,0.21732790999999999,500.0,398,230000,0.00075,-8.366382598876953,0.014243070036172867,577,444,-15.546659469604492
,,0.21732790999999999,500.0,398,230000,,,,577,448,
,,0.21732790999999999,500.0,398,230000,,,,577,452,
,,0.21732790999999999,500.0,398,230000,,,,577,456,
,,0.21732790999999999,500.0,398,230000,,,,577,460,
11834,0.002559677232056856,0.25635259,500.0,397,240000,0.00075,-8.371203422546387,0.0072052208706736565,603,464,-15.248555183410645
,,0.25635259,500.0,397,240000,,,,603,468,
,,0.25635259,500.0,397,240000,,,,603,472,
,,0.25635259,500.0,397,240000,,,,603,476,
,,0.25635259,500.0,397,240000,,,,603,480,
12334,0.0024227548856288195,0.54659178,500.0,397,250000,0.00075,-25.30829620361328,0.010131943970918655,628,484,-14.983833312988281
,,0.54659178,500.0,397,250000,,,,628,488,
,,0.54659178,500.0,397,250000,,,,628,492,
,,0.54659178,500.0,397,250000,,,,628,496,
,,0.54659178,500.0,397,250000,,,,628,500,
12834,0.002193124732002616,2.4996782300000002,500.0,397,260000,0.00075,2.090047836303711,0.07801169902086258,654,504,-14.412240028381348
,,2.4996782300000002,500.0,397,260000,,,,654,508,
,,2.4996782300000002,500.0,397,260000,,,,654,512,
,,2.4996782300000002,500.0,397,260000,,,,654,516,
,,2.4996782300000002,500.0,397,260000,,,,654,520,
13334,0.00215630023740232,2.49610635,500.0,397,270000,0.00075,22.047592163085938,0.01785755157470703,679,524,-13.90865707397461
,,2.49610635,500.0,397,270000,,,,679,528,
,,2.49610635,500.0,397,270000,,,,679,532,
,,2.49610635,500.0,397,270000,,,,679,536,
,,2.49610635,500.0,397,270000,,,,679,540,
13834,0.00181991804856807,2.7338765399999994,500.0,396,280000,0.00075,-1.4547183513641357,0.013132154010236263,706,544,-13.773608207702637
,,2.7338765399999994,500.0,396,280000,,,,706,548,
,,2.7338765399999994,500.0,396,280000,,,,706,552,
,,2.7338765399999994,500.0,396,280000,,,,706,556,
,,2.7338765399999994,500.0,396,280000,,,,706,560,
14334,0.0017530211480334401,2.642826119999999,500.0,394,290000,0.00075,47.30950164794922,1.3709075450897217,734,564,-13.567298889160156
,,2.642826119999999,500.0,394,290000,,,,734,568,
,,2.642826119999999,500.0,394,290000,,,,734,572,
,,2.642826119999999,500.0,394,290000,,,,734,576,
,,2.642826119999999,500.0,394,290000,,,,734,580,
14834,0.0015923649771139026,2.3442110099999995,500.0,395,300000,0.00075,-11.240071296691895,0.013341439887881279,759,584,-12.921173095703125
,,2.3442110099999995,500.0,395,300000,,,,759,588,
,,2.3442110099999995,500.0,395,300000,,,,759,592,
,,2.3442110099999995,500.0,395,300000,,,,759,596,
,,2.3442110099999995,500.0,395,300000,,,,759,600,
15334,0.0015738524962216616,0.4174670299999999,500.0,394,310000,0.00075,1.9981529712677002,0.014376224018633366,786,604,-12.443862915039062
,,0.4174670299999999,500.0,394,310000,,,,786,608,
,,0.4174670299999999,500.0,394,310000,,,,786,612,
,,0.4174670299999999,500.0,394,310000,,,,786,616,
,,0.4174670299999999,500.0,394,310000,,,,786,620,
15834,0.0015833013458177447,0.64606035,500.0,394,320000,0.00075,-6.173087120056152,0.01520321611315012,811,624,-12.545989036560059
,,0.64606035,500.0,394,320000,,,,811,628,
,,0.64606035,500.0,394,320000,,,,811,632,
,,0.64606035,500.0,394,320000,,,,811,636,
,,0.64606035,500.0,394,320000,,,,811,640,
16334,0.0015531759709119797,0.42883176999999995,500.0,394,330000,0.00075,0.4662141799926758,0.014547241851687431,836,644,-12.243522644042969
,,0.42883176999999995,500.0,394,330000,,,,836,648,
,,0.42883176999999995,500.0,394,330000,,,,836,652,
,,0.42883176999999995,500.0,394,330000,,,,836,656,
,,0.42883176999999995,500.0,394,330000,,,,836,660,
16834,0.0014210492372512817,0.3976976699999999,500.0,394,340000,0.00075,9.405109405517578,0.010712722316384315,861,664,-12.010246276855469
,,0.3976976699999999,500.0,394,340000,,,,861,668,
,,0.3976976699999999,500.0,394,340000,,,,861,672,
,,0.3976976699999999,500.0,394,340000,,,,861,676,
,,0.3976976699999999,500.0,394,340000,,,,861,680,
17334,0.0015728689031675458,0.4398721099999999,500.0,393,350000,0.00075,-9.367345809936523,0.006502049043774605,889,684,-11.624375343322754
,,0.4398721099999999,500.0,393,350000,,,,889,688,
,,0.4398721099999999,500.0,393,350000,,,,889,692,
,,0.4398721099999999,500.0,393,350000,,,,889,696,
,,0.4398721099999999,500.0,393,350000,,,,889,700,
17834,0.001536123570986092,0.44630005999999994,500.0,392,360000,0.00075,-11.494623184204102,0.01826796680688858,917,704,-11.376692771911621
,,0.44630005999999994,500.0,392,360000,,,,917,708,
,,0.44630005999999994,500.0,392,360000,,,,917,712,
,,0.44630005999999994,500.0,392,360000,,,,917,716,
,,0.44630005999999994,500.0,392,360000,,,,917,720,
18334,0.0015280917286872864,0.3845762399999999,500.0,392,370000,0.00075,-7.595541000366211,0.34541285037994385,942,724,-11.157291412353516
,,0.3845762399999999,500.0,392,370000,,,,942,728,
,,0.3845762399999999,500.0,392,370000,,,,942,732,
,,0.3845762399999999,500.0,392,370000,,,,942,736,
,,0.3845762399999999,500.0,392,370000,,,,942,740,
18834,0.0014407141134142876,0.42861424,500.0,391,380000,0.00075,-2.4648637771606445,0.029334722086787224,969,744,-10.800285339355469
,,0.42861424,500.0,391,380000,,,,969,748,
,,0.42861424,500.0,391,380000,,,,969,752,
,,0.42861424,500.0,391,380000,,,,969,756,
,,0.42861424,500.0,391,380000,,,,969,760,
19334,0.0014752799179404974,0.52443115,500.0,391,390000,0.00075,11.71080207824707,0.0066626546904444695,996,764,-10.436761856079102
,,0.52443115,500.0,391,390000,,,,996,768,
,,0.52443115,500.0,391,390000,,,,996,772,
,,0.52443115,500.0,391,390000,,,,996,776,
,,0.52443115,500.0,391,390000,,,,996,780,
19834,0.0015209430130198598,0.48034945,500.0,392,400000,0.00075,1.6044983863830566,0.005391067825257778,1019,784,-10.192004203796387
,,0.48034945,500.0,392,400000,,,,1019,788,
,,0.48034945,500.0,392,400000,,,,1019,792,
,,0.48034945,500.0,392,400000,,,,1019,796,
,,0.48034945,500.0,392,400000,,,,1019,800,
20334,0.0012992210686206818,0.6150428899999999,500.0,391,410000,0.00075,-14.882150650024414,0.9534170627593994,1046,804,-9.99439525604248
,,0.6150428899999999,500.0,391,410000,,,,1046,808,
,,0.6150428899999999,500.0,391,410000,,,,1046,812,
,,0.6150428899999999,500.0,391,410000,,,,1046,816,
,,0.6150428899999999,500.0,391,410000,,,,1046,820,
20834,0.0013663464924320579,0.59782913,500.0,391,420000,0.00075,-7.908626556396484,0.015931572765111923,1072,824,-9.838031768798828
,,0.59782913,500.0,391,420000,,,,1072,828,
,,0.59782913,500.0,391,420000,,,,1072,832,
,,0.59782913,500.0,391,420000,,,,1072,836,
,,0.59782913,500.0,391,420000,,,,1072,840,
21334,0.001380103756673634,0.86857913,500.0,391,430000,0.00075,15.536458969116211,0.012722920626401901,1098,844,-9.584417343139648
,,0.86857913,500.0,391,430000,,,,1098,848,
,,0.86857913,500.0,391,430000,,,,1098,852,
,,0.86857913,500.0,391,430000,,,,1098,856,
,,0.86857913,500.0,391,430000,,,,1099,860,
21834,0.001447897288016975,0.9223520999999999,500.0,390,440000,0.00075,-6.178352355957031,0.061423491686582565,1126,864,-9.25062370300293
,,0.9223520999999999,500.0,390,440000,,,,1126,868,
,,0.9223520999999999,500.0,390,440000,,,,1126,872,
,,0.9223520999999999,500.0,390,440000,,,,1126,876,
,,0.9223520999999999,500.0,390,440000,,,,1126,880,
22334,0.0012836690293624997,3.1541857200000005,500.0,390,450000,0.00075,-9.799185752868652,0.005839124321937561,1151,884,-9.060449600219727
,,3.1541857200000005,500.0,390,450000,,,,1151,888,
,,3.1541857200000005,500.0,390,450000,,,,1151,892,
,,3.1541857200000005,500.0,390,450000,,,,1151,896,
,,3.1541857200000005,500.0,390,450000,,,,1151,900,
22834,0.0012551597319543362,3.0846699800000006,500.0,391,460000,0.00075,16.182079315185547,0.4652184844017029,1176,904,-8.713072776794434
,,3.0846699800000006,500.0,391,460000,,,,1176,908,
,,3.0846699800000006,500.0,391,460000,,,,1176,912,
,,3.0846699800000006,500.0,391,460000,,,,1176,916,
,,3.0846699800000006,500.0,391,460000,,,,1176,920,
23334,0.001280525466427207,2.96644667,500.0,390,470000,0.00075,-8.991743087768555,0.004625554196536541,1202,924,-8.683862686157227
,,2.96644667,500.0,390,470000,,,,1202,928,
,,2.96644667,500.0,390,470000,,,,1202,932,
,,2.96644667,500.0,390,470000,,,,1202,936,
,,2.96644667,500.0,390,470000,,,,1202,940,
23834,0.0013202555710449815,2.9484407299999997,500.0,391,480000,0.00075,12.313277244567871,0.3488047122955322,1226,944,-8.439183235168457
,,2.9484407299999997,500.0,391,480000,,,,1226,948,
,,2.9484407299999997,500.0,391,480000,,,,1226,952,
,,2.9484407299999997,500.0,391,480000,,,,1226,956,
,,2.9484407299999997,500.0,391,480000,,,,1226,960,
24334,0.0012797826202586293,3.4172586999999996,500.0,390,490000,0.00075,7.820943832397461,0.6170861721038818,1254,964,-8.071720123291016
,,3.4172586999999996,500.0,390,490000,,,,1254,968,
,,3.4172586999999996,500.0,390,490000,,,,1254,972,
,,3.4172586999999996,500.0,390,490000,,,,1254,976,
,,3.4172586999999996,500.0,390,490000,,,,1254,980,
24834,0.001308595179580152,1.31239927,500.0,390,500000,0.00075,-1.7288942337036133,0.550227165222168,1280,984,-7.987903594970703
,,1.31239927,500.0,390,500000,,,,1280,988,
,,1.31239927,500.0,390,500000,,,,1280,992,
,,1.31239927,500.0,390,500000,,,,1280,996,
,,1.31239927,500.0,390,500000,,,,1280,1000,
25334,0.0013540550135076046,1.7022361999999998,500.0,390,510000,0.00075,8.800313949584961,0.01555377896875143,1307,1004,-7.8336076736450195
,,1.7022361999999998,500.0,390,510000,,,,1307,1008,
,,1.7022361999999998,500.0,390,510000,,,,1307,1012,
,,1.7022361999999998,500.0,390,510000,,,,1307,1016,
,,1.7022361999999998,500.0,390,510000,,,,1307,1020,
25834,0.001256665913388133,2.0035770800000003,500.0,390,520000,0.00075,-3.7156734466552734,0.5518530011177063,1331,1024,-7.759088516235352
,,2.0035770800000003,500.0,390,520000,,,,1331,1028,
,,2.0035770800000003,500.0,390,520000,,,,1331,1032,
,,2.0035770800000003,500.0,390,520000,,,,1331,1036,
,,2.0035770800000003,500.0,390,520000,,,,1331,1040,
26334,0.0011301341000944376,1.8630664799999999,500.0,390,530000,0.00075,15.436141014099121,0.0071388548240065575,1355,1044,-7.586978912353516
,,1.8630664799999999,500.0,390,530000,,,,1355,1048,
,,1.8630664799999999,500.0,390,530000,,,,1355,1052,
,,1.8630664799999999,500.0,390,530000,,,,1355,1056,
,,1.8630664799999999,500.0,390,530000,,,,1355,1060,
26834,0.0012113583507016301,1.37665692,500.0,391,540000,0.00075,6.777398109436035,0.47430840134620667,1379,1064,-7.457162857055664
,,1.37665692,500.0,391,540000,,,,1379,1068,
,,1.37665692,500.0,391,540000,,,,1379,1072,
,,1.37665692,500.0,391,540000,,,,1379,1076,
,,1.37665692,500.0,391,540000,,,,1379,1080,
27334,0.001130482880398631,1.46577352,500.0,391,550000,0.00075,22.9876766204834,0.005349202547222376,1404,1084,-7.296618938446045
,,1.46577352,500.0,391,550000,,,,1404,1088,
,,1.46577352,500.0,391,550000,,,,1404,1092,
,,1.46577352,500.0,391,550000,,,,1404,1096,
,,1.46577352,500.0,391,550000,,,,1404,1100,
27834,0.001030017388984561,1.09434363,500.0,391,560000,0.00075,-11.34238052368164,0.005321082193404436,1428,1104,-7.123440742492676
,,1.09434363,500.0,391,560000,,,,1428,1108,
,,1.09434363,500.0,391,560000,,,,1428,1112,
,,1.09434363,500.0,391,560000,,,,1428,1116,
,,1.09434363,500.0,391,560000,,,,1428,1120,
28334,0.0011898225639015436,0.80308001,500.0,392,570000,0.00075,-6.421558380126953,0.00528733991086483,1452,1124,-7.078823089599609
,,0.80308001,500.0,392,570000,,,,1452,1128,
,,0.80308001,500.0,392,570000,,,,1452,1132,
,,0.80308001,500.0,392,570000,,,,1452,1136,
,,0.80308001,500.0,392,570000,,,,1452,1140,
28834,0.0011277035810053349,1.87887564,500.0,392,580000,0.00075,5.899692535400391,0.005741325672715902,1478,1144,-6.736815452575684
,,1.87887564,500.0,392,580000,,,,1478,1148,
,,1.87887564,500.0,392,580000,,,,1478,1152,
,,1.87887564,500.0,392,580000,,,,1478,1156,
,,1.87887564,500.0,392,580000,,,,1478,1160,
29334,0.000896412122529,4.36522979,500.0,392,590000,0.00075,-22.554027557373047,0.004096614196896553,1504,1164,-6.629342079162598
,,4.36522979,500.0,392,590000,,,,1504,1168,
,,4.36522979,500.0,392,590000,,,,1504,1172,
,,4.36522979,500.0,392,590000,,,,1504,1176,
,,4.36522979,500.0,392,590000,,,,1504,1180,
29834,0.0009948784718289971,5.84145572,500.0,392,600000,0.00075,-10.122215270996094,0.0716947466135025,1529,1184,-6.627396583557129
,,5.84145572,500.0,392,600000,,,,1529,1188,
,,5.84145572,500.0,392,600000,,,,1529,1192,
,,5.84145572,500.0,392,600000,,,,1529,1196,
,,5.84145572,500.0,392,600000,,,,1529,1200,
30334,0.0009802248096093535,6.021233330000001,500.0,392,610000,0.00075,-3.355599880218506,0.007568583823740482,1554,1204,-6.270689487457275
,,6.021233330000001,500.0,392,610000,,,,1554,1208,
,,6.021233330000001,500.0,392,610000,,,,1554,1212,
,,6.021233330000001,500.0,392,610000,,,,1554,1216,
,,6.021233330000001,500.0,392,610000,,,,1554,1220,
30834,0.0012304913252592087,6.19065244,500.0,392,620000,0.00075,-1.7618871927261353,0.22615286707878113,1578,1224,-6.192339897155762
,,6.19065244,500.0,392,620000,,,,1578,1228,
,,6.19065244,500.0,392,620000,,,,1578,1232,
,,6.19065244,500.0,392,620000,,,,1579,1236,
,,6.19065244,500.0,392,620000,,,,1579,1240,
31334,0.0010219619143754244,5.76091586,500.0,392,630000,0.00075,-14.549036026000977,0.004568647127598524,1604,1244,-6.036848068237305
,,5.76091586,500.0,392,630000,,,,1604,1248,
,,5.76091586,500.0,392,630000,,,,1604,1252,
,,5.76091586,500.0,392,630000,,,,1604,1256,
,,5.76091586,500.0,392,630000,,,,1604,1260,
31834,0.001197732170112431,3.23503024,500.0,392,640000,0.00075,-12.995882987976074,0.006176505703479052,1630,1264,-5.753914833068848
,,3.23503024,500.0,392,640000,,,,1630,1268,
,,3.23503024,500.0,392,640000,,,,1630,1272,
,,3.23503024,500.0,392,640000,,,,1630,1276,
,,3.23503024,500.0,392,640000,,,,1630,1280,
32334,0.0011157816043123603,1.8806464499999997,500.0,392,650000,0.00075,-13.910300254821777,0.010259637609124184,1655,1284,-5.859759330749512
,,1.8806464499999997,500.0,392,650000,,,,1655,1288,
,,1.8806464499999997,500.0,392,650000,,,,1655,1292,
,,1.8806464499999997,500.0,392,650000,,,,1655,1296,
,,1.8806464499999997,500.0,392,650000,,,,1655,1300,
32834,0.001046571647748351,2.01934656,500.0,392,660000,0.00075,-0.48319011926651,0.00835641473531723,1681,1304,-5.743215084075928
,,2.01934656,500.0,392,660000,,,,1681,1308,
,,2.01934656,500.0,392,660000,,,,1681,1312,
,,2.01934656,500.0,392,660000,,,,1681,1316,
,,2.01934656,500.0,392,660000,,,,1681,1320,
33334,0.0010870974510908127,2.34088544,500.0,392,670000,0.00075,12.34798812866211,0.0076536983251571655,1708,1324,-5.64423942565918
,,2.34088544,500.0,392,670000,,,,1708,1328,
,,2.34088544,500.0,392,670000,,,,1708,1332,
,,2.34088544,500.0,392,670000,,,,1708,1336,
,,2.34088544,500.0,392,670000,,,,1708,1340,
33834,0.0010941852815449238,1.9603922999999996,500.0,392,680000,0.00075,-4.333765029907227,0.1579301953315735,1733,1344,-5.463890552520752
,,1.9603922999999996,500.0,392,680000,,,,1733,1348,
,,1.9603922999999996,500.0,392,680000,,,,1733,1352,
,,1.9603922999999996,500.0,392,680000,,,,1733,1356,
,,1.9603922999999996,500.0,392,680000,,,,1733,1360,
34334,0.0011683230986818671,2.8214281000000003,500.0,392,690000,0.00075,-12.165973663330078,0.004927666392177343,1758,1364,-5.369937896728516
,,2.8214281000000003,500.0,392,690000,,,,1758,1368,
,,2.8214281000000003,500.0,392,690000,,,,1758,1372,
,,2.8214281000000003,500.0,392,690000,,,,1758,1376,
,,2.8214281000000003,500.0,392,690000,,,,1758,1380,
34834,0.0011699928436428308,2.7540924699999993,500.0,392,700000,0.00075,-4.620172500610352,0.06079168617725372,1783,1384,-5.282649040222168
,,2.7540924699999993,500.0,392,700000,,,,1783,1388,
,,2.7540924699999993,500.0,392,700000,,,,1783,1392,
,,2.7540924699999993,500.0,392,700000,,,,1783,1396,
,,2.7540924699999993,500.0,392,700000,,,,1783,1400,
35334,0.0013330293586477637,3.04607835,500.0,392,710000,0.00075,37.37039566040039,0.003736475482583046,1808,1404,-5.285830020904541
,,3.04607835,500.0,392,710000,,,,1808,1408,
,,3.04607835,500.0,392,710000,,,,1808,1412,
,,3.04607835,500.0,392,710000,,,,1808,1416,
,,3.04607835,500.0,392,710000,,,,1808,1420,
35834,0.001711336662992835,9.966154499999998,500.0,392,720000,0.00075,-7.7476348876953125,0.007213001139461994,1834,1424,-5.613034248352051
,,9.966154499999998,500.0,392,720000,,,,1834,1428,
,,9.966154499999998,500.0,392,720000,,,,1834,1432,
,,9.966154499999998,500.0,392,720000,,,,1834,1436,
,,9.966154499999998,500.0,392,720000,,,,1834,1440,
36334,0.0020418926142156124,15.201886849999996,500.0,392,730000,0.00075,14.548027038574219,0.22680385410785675,1860,1444,-5.157519340515137
,,15.201886849999996,500.0,392,730000,,,,1860,1448,
,,15.201886849999996,500.0,392,730000,,,,1860,1452,
,,15.201886849999996,500.0,392,730000,,,,1860,1456,
,,15.201886849999996,500.0,392,730000,,,,1860,1460,
36834,0.0023051381576806307,15.591650969999996,500.0,392,740000,0.00075,-9.966029167175293,0.14446091651916504,1886,1464,-5.595590591430664
,,15.591650969999996,500.0,392,740000,,,,1886,1468,
,,15.591650969999996,500.0,392,740000,,,,1886,1472,
,,15.591650969999996,500.0,392,740000,,,,1886,1476,
,,15.591650969999996,500.0,392,740000,,,,1886,1480,
37334,0.0022056824527680874,15.533909939999996,500.0,391,750000,0.00075,-2.7881855964660645,0.01754508540034294,1913,1484,-5.4487624168396
,,15.533909939999996,500.0,391,750000,,,,1913,1488,
,,15.533909939999996,500.0,391,750000,,,,1913,1492,
,,15.533909939999996,500.0,391,750000,,,,1913,1496,
,,15.533909939999996,500.0,391,750000,,,,1913,1500,
37834,0.002164514735341072,22.291789660000003,500.0,391,760000,0.00075,-17.381122589111328,0.009366688318550587,1939,1504,-5.278924465179443
,,22.291789660000003,500.0,391,760000,,,,1939,1508,
,,22.291789660000003,500.0,391,760000,,,,1939,1512,
,,22.291789660000003,500.0,391,760000,,,,1939,1516,
,,22.291789660000003,500.0,391,760000,,,,1939,1520,
38334,0.0019516373286023736,37.819728129999994,500.0,391,770000,0.00075,-9.531326293945312,0.020129218697547913,1966,1524,-5.7199320793151855
,,37.819728129999994,500.0,391,770000,,,,1966,1528,
,,37.819728129999994,500.0,391,770000,,,,1966,1532,
,,37.819728129999994,500.0,391,770000,,,,1966,1536,
,,37.819728129999994,500.0,391,770000,,,,1966,1540,
38834,0.0023490500170737505,44.462817539999996,500.0,391,780000,0.00075,-0.3200192451477051,0.07242178916931152,1992,1544,-5.8031158447265625
,,44.462817539999996,500.0,391,780000,,,,1992,1548,
,,44.462817539999996,500.0,391,780000,,,,1992,1552,
,,44.462817539999996,500.0,391,780000,,,,1992,1556,
,,44.462817539999996,500.0,391,780000,,,,1992,1560,
39334,0.002751633059233427,47.857645209999994,500.0,391,790000,0.00075,-0.9204305410385132,0.03974907845258713,2018,1564,-5.372058868408203
,,47.857645209999994,500.0,391,790000,,,,2018,1568,
,,47.857645209999994,500.0,391,790000,,,,2018,1572,
,,47.857645209999994,500.0,391,790000,,,,2018,1576,
,,47.857645209999994,500.0,391,790000,,,,2018,1580,
39834,0.0031723836436867714,49.64945322999999,500.0,391,800000,0.00075,-7.6717119216918945,0.06851918995380402,2043,1584,-5.86244010925293
,,49.64945322999999,500.0,391,800000,,,,2043,1588,
,,49.64945322999999,500.0,391,800000,,,,2043,1592,
,,49.64945322999999,500.0,391,800000,,,,2043,1596,
,,49.64945322999999,500.0,391,800000,,,,2043,1600,
40334,0.003036715090274811,53.55238627999999,500.0,391,810000,0.00075,-8.62707805633545,0.5945354700088501,2069,1604,-6.296870231628418
,,53.55238627999999,500.0,391,810000,,,,2069,1608,
,,53.55238627999999,500.0,391,810000,,,,2069,1612,
,,53.55238627999999,500.0,391,810000,,,,2069,1616,
,,53.55238627999999,500.0,391,810000,,,,2069,1620,
40834,0.0033596016000956297,43.735471770000004,500.0,391,820000,0.00075,-0.5805435180664062,0.032289475202560425,2095,1624,-6.005784511566162
,,43.735471770000004,500.0,391,820000,,,,2095,1628,
,,43.735471770000004,500.0,391,820000,,,,2095,1632,
,,43.735471770000004,500.0,391,820000,,,,2095,1636,
,,43.735471770000004,500.0,391,820000,,,,2095,1640,
41334,0.0043545858934521675,31.804467439999993,500.0,391,830000,0.00075,-20.72825050354004,0.07764189690351486,2120,1644,-6.451420783996582
,,31.804467439999993,500.0,391,830000,,,,2120,1648,
,,31.804467439999993,500.0,391,830000,,,,2120,1652,
,,31.804467439999993,500.0,391,830000,,,,2120,1656,
,,31.804467439999993,500.0,391,830000,,,,2120,1660,
41834,0.0037682312540709972,32.883606019999995,500.0,391,840000,0.00075,11.119243621826172,1.5192770957946777,2145,1664,-6.9500956535339355
,,32.883606019999995,500.0,391,840000,,,,2145,1668,
,,32.883606019999995,500.0,391,840000,,,,2145,1672,
,,32.883606019999995,500.0,391,840000,,,,2145,1676,
,,32.883606019999995,500.0,391,840000,,,,2145,1680,
42334,0.0038160746917128563,35.88363269999999,500.0,391,850000,0.00075,8.824580192565918,0.4922335743904114,2171,1684,-7.080442905426025
,,35.88363269999999,500.0,391,850000,,,,2171,1688,
,,35.88363269999999,500.0,391,850000,,,,2171,1692,
,,35.88363269999999,500.0,391,850000,,,,2171,1696,
,,35.88363269999999,500.0,391,850000,,,,2171,1700,
42834,0.00442496407777071,25.64203177,500.0,391,860000,0.00075,14.236536026000977,0.02644176036119461,2196,1704,-7.24641752243042
,,25.64203177,500.0,391,860000,,,,2196,1708,
,,25.64203177,500.0,391,860000,,,,2196,1712,
,,25.64203177,500.0,391,860000,,,,2196,1716,
,,25.64203177,500.0,391,860000,,,,2196,1720,
43334,0.004663917701691389,13.567488720000002,500.0,391,870000,0.00075,-10.074479103088379,0.04343036562204361,2220,1724,-7.307546615600586
,,13.567488720000002,500.0,391,870000,,,,2220,1728,
,,13.567488720000002,500.0,391,870000,,,,2220,1732,
,,13.567488720000002,500.0,391,870000,,,,2220,1736,
,,13.567488720000002,500.0,391,870000,,,,2220,1740,
43834,0.004397543612867594,23.547183519999997,500.0,391,880000,0.00075,2.9520297050476074,0.04317207634449005,2246,1744,-7.247591972351074
,,23.547183519999997,500.0,391,880000,,,,2246,1748,
,,23.547183519999997,500.0,391,880000,,,,2246,1752,
,,23.547183519999997,500.0,391,880000,,,,2246,1756,
,,23.547183519999997,500.0,391,880000,,,,2246,1760,
44334,0.004761782940477133,26.39575143,500.0,391,890000,0.00075,-2.251763105392456,0.08325370401144028,2272,1764,-8.023240089416504
,,26.39575143,500.0,391,890000,,,,2272,1768,
,,26.39575143,500.0,391,890000,,,,2272,1772,
,,26.39575143,500.0,391,890000,,,,2272,1776,
,,26.39575143,500.0,391,890000,,,,2272,1780,
44834,0.004646094050258398,30.23447412,500.0,391,900000,0.00075,5.7937164306640625,1.6497576236724854,2298,1784,-8.845758438110352
,,30.23447412,500.0,391,900000,,,,2298,1788,
,,30.23447412,500.0,391,900000,,,,2298,1792,
,,30.23447412,500.0,391,900000,,,,2298,1796,
,,30.23447412,500.0,391,900000,,,,2298,1800,
45334,0.005249070003628731,31.052272010000006,500.0,391,910000,0.00075,8.441878318786621,0.28642868995666504,2323,1804,-9.162233352661133
,,31.052272010000006,500.0,391,910000,,,,2323,1808,
,,31.052272010000006,500.0,391,910000,,,,2323,1812,
,,31.052272010000006,500.0,391,910000,,,,2323,1816,
,,31.052272010000006,500.0,391,910000,,,,2323,1820,
45834,0.006462654564529657,32.99626596,500.0,391,920000,0.00075,-3.537503719329834,0.0625990778207779,2349,1824,-8.803159713745117
,,32.99626596,500.0,391,920000,,,,2349,1828,
,,32.99626596,500.0,391,920000,,,,2349,1832,
,,32.99626596,500.0,391,920000,,,,2349,1836,
,,32.99626596,500.0,391,920000,,,,2349,1840,
46334,0.006859065964818001,30.100771809999998,500.0,391,930000,0.00075,6.4137959480285645,1.2128907442092896,2374,1844,-11.98234748840332
,,30.100771809999998,500.0,391,930000,,,,2374,1848,
,,30.100771809999998,500.0,391,930000,,,,2374,1852,
,,30.100771809999998,500.0,391,930000,,,,2374,1856,
,,30.100771809999998,500.0,391,930000,,,,2374,1860,
46834,0.0060397242195904255,24.063924290000003,500.0,391,940000,0.00075,4.672136306762695,0.16631373763084412,2399,1864,-10.588075637817383
,,24.063924290000003,500.0,391,940000,,,,2399,1868,
,,24.063924290000003,500.0,391,940000,,,,2399,1872,
,,24.063924290000003,500.0,391,940000,,,,2399,1876,
,,24.063924290000003,500.0,391,940000,,,,2399,1880,
47334,0.00587783008813858,20.67282999,500.0,391,950000,0.00075,-4.541167259216309,0.10575495660305023,2425,1884,-10.37118911743164
,,20.67282999,500.0,391,950000,,,,2425,1888,
,,20.67282999,500.0,391,950000,,,,2425,1892,
,,20.67282999,500.0,391,950000,,,,2425,1896,
,,20.67282999,500.0,391,950000,,,,2425,1900,
47834,0.005498342681676149,33.37828122999999,500.0,391,960000,0.00075,11.048284530639648,0.09382465481758118,2451,1904,-8.863798141479492
,,33.37828122999999,500.0,391,960000,,,,2451,1908,
,,33.37828122999999,500.0,391,960000,,,,2451,1912,
,,33.37828122999999,500.0,391,960000,,,,2451,1916,
,,33.37828122999999,500.0,391,960000,,,,2451,1920,
48334,0.005502211395651102,40.66988142,500.0,391,970000,0.00075,17.961856842041016,1.2149711847305298,2476,1924,-11.190889358520508
,,40.66988142,500.0,391,970000,,,,2476,1928,
,,40.66988142,500.0,391,970000,,,,2476,1932,
,,40.66988142,500.0,391,970000,,,,2476,1936,
,,40.66988142,500.0,391,970000,,,,2476,1940,
48834,0.005675644148141146,36.21397766,500.0,391,980000,0.00075,-0.1299763321876526,0.22138527035713196,2501,1944,-11.748493194580078
,,36.21397766,500.0,391,980000,,,,2501,1948,
,,36.21397766,500.0,391,980000,,,,2501,1952,
,,36.21397766,500.0,391,980000,,,,2501,1956,
,,36.21397766,500.0,391,980000,,,,2501,1960,
49334,0.005819376558065414,47.02779436,500.0,391,990000,0.00075,-3.139620304107666,0.20332325994968414,2527,1964,-11.885391235351562
,,47.02779436,500.0,391,990000,,,,2527,1968,
,,47.02779436,500.0,391,990000,,,,2527,1972,
,,47.02779436,500.0,391,990000,,,,2527,1976,
,,47.02779436,500.0,391,990000,,,,2527,1980,
49834,0.006277361884713173,51.08616214000001,500.0,391,1000000,0.00075,1.6632018089294434,0.20971572399139404,2552,1984,-13.741039276123047
,,51.08616214000001,500.0,391,1000000,,,,2552,1988,
,,51.08616214000001,500.0,391,1000000,,,,2552,1992,
,,51.08616214000001,500.0,391,1000000,,,,2552,1996,
,,51.08616214000001,500.0,391,1000000,,,,2552,2000,
