train/critic_loss,train/n_updates,time/fps,rollout/ep_len_mean,time/time_elapsed,train/ent_coef_loss,train/ent_coef,train/actor_loss,time/total_timesteps,rollout/ep_rew_mean,train/learning_rate,time/episodes
0.21480953693389893,334,410,500.0,24,-1.1752471923828125,0.9048938155174255,-13.524574279785156,10000,0.0,0.0003,4
,,410,500.0,24,,,,10000,0.0,,8
,,410,500.0,24,,,,10000,0.0,,12
,,410,500.0,24,,,,10000,0.0,,16
,,410,500.0,24,,,,10000,0.0,,20
2.630563735961914,834,403,500.0,49,-2.935173749923706,0.7788439393043518,-20.1689453125,20000,0.0,0.0003,24
,,403,500.0,49,,,,20000,0.0,,28
,,403,500.0,49,,,,20000,0.0,,32
,,403,500.0,49,,,,20000,0.0,,36
,,403,500.0,49,,,,20000,0.0,,40
0.08519938588142395,1334,400,500.0,74,-4.717168807983398,0.670348048210144,-26.634017944335938,30000,0.0,0.0003,44
,,400,500.0,74,,,,30000,0.0,,48
,,400,500.0,74,,,,30000,0.0,,52
,,400,500.0,74,,,,30000,0.0,,56
,,400,500.0,74,,,,30000,0.0,,60
0.15279610455036163,1834,398,500.0,100,-6.482357978820801,0.5769594311714172,-31.825456619262695,40000,0.0,0.0003,64
,,398,500.0,100,,,,40000,0.0,,68
,,398,500.0,100,,,,40000,0.0,,72
,,398,500.0,100,,,,40000,0.0,,76
,,398,500.0,100,,,,40000,0.0,,80
9.95516300201416,2334,396,500.0,125,-8.184897422790527,0.49659138917922974,-35.96849822998047,50000,0.0,0.0003,84
,,396,500.0,125,,,,50000,0.0,,88
,,396,500.0,125,,,,50000,0.0,,92
,,396,500.0,125,,,,50000,0.0,,96
,,396,500.0,125,,,,50000,0.0,,100
0.08020135760307312,2834,395,500.0,151,-9.990092277526855,0.42745694518089294,-40.078426361083984,60000,0.0,0.0003,104
,,395,500.0,151,,,,60000,0.0,,108
,,395,500.0,151,,,,60000,0.0,,112
,,395,500.0,151,,,,60000,0.0,,116
,,395,500.0,151,,,,60000,0.0,,120
0.11422328650951385,3334,397,500.0,176,-11.710980415344238,0.36797818541526794,-42.80967712402344,70000,0.0,0.0003,124
,,397,500.0,176,,,,70000,0.0,,128
,,397,500.0,176,,,,70000,0.0,,132
,,397,500.0,176,,,,70000,0.0,,136
,,397,500.0,176,,,,70000,0.0,,140
0.33453893661499023,3834,396,500.0,201,-13.45874309539795,0.31682518124580383,-44.62693786621094,80000,0.0,0.0003,144
,,396,500.0,201,,,,80000,0.0,,148
,,396,500.0,201,,,,80000,0.0,,152
,,396,500.0,201,,,,80000,0.0,,156
,,396,500.0,201,,,,80000,0.0,,160
30.599212646484375,4334,396,500.0,226,-15.170246124267578,0.2727676331996918,-46.76622772216797,90000,0.0,0.0003,164
,,396,500.0,226,,,,90000,0.0,,168
,,396,500.0,226,,,,90000,0.0,,172
,,396,500.0,226,,,,90000,0.0,,176
,,396,500.0,226,,,,90000,0.0,,180
0.13585114479064941,4834,396,500.0,251,-16.870445251464844,0.23489390313625336,-47.9860954284668,100000,0.0,0.0003,184
,,396,500.0,251,,,,100000,0.0,,188
,,396,500.0,251,,,,100000,0.0,,192
,,396,500.0,251,,,,100000,0.0,,196
,,396,500.0,251,,,,100000,0.0,,200
0.10679950565099716,5334,396,500.0,277,-18.671491622924805,0.20235316455364227,-48.76512908935547,110000,0.0,0.0003,204
,,396,500.0,277,,,,110000,0.0,,208
,,396,500.0,277,,,,110000,0.0,,212
,,396,500.0,277,,,,110000,0.0,,216
,,396,500.0,277,,,,110000,0.0,,220
0.21326610445976257,5834,394,500.0,304,-20.185779571533203,0.1743299514055252,-48.96724319458008,120000,0.0,0.0003,224
,,394,500.0,304,,,,120000,0.0,,228
,,394,500.0,304,,,,120000,0.0,,232
,,394,500.0,304,,,,120000,0.0,,236
,,394,500.0,304,,,,120000,0.0,,240
44.17170715332031,6334,393,500.0,330,-21.230411529541016,0.1503380984067917,-49.57533645629883,130000,0.0,0.0003,244
,,393,500.0,330,,,,130000,0.0,,248
,,393,500.0,330,,,,130000,0.0,,252
,,393,500.0,330,,,,130000,0.0,,256
,,393,500.0,330,,,,130000,0.0,,260
0.22396421432495117,6834,392,500.0,357,-23.049333572387695,0.1296701282262802,-48.672210693359375,140000,0.0,0.0003,264
,,392,500.0,357,,,,140000,0.0,,268
,,392,500.0,357,,,,140000,0.0,,272
,,392,500.0,357,,,,140000,0.0,,276
,,392,500.0,357,,,,140000,0.0,,280
0.30585163831710815,7334,391,500.0,383,-23.551612854003906,0.11192421615123749,-47.64170837402344,150000,0.0,0.0003,284
,,391,500.0,383,,,,150000,0.0,,288
,,391,500.0,383,,,,150000,0.0,,292
,,391,500.0,383,,,,150000,0.0,,296
,,391,500.0,383,,,,150000,0.0,,300
0.1491079032421112,7834,389,500.0,410,-25.478351593017578,0.096671923995018,-48.361915588378906,160000,0.0,0.0003,304
,,389,500.0,410,,,,160000,0.0,,308
,,389,500.0,410,,,,160000,0.0,,312
,,389,500.0,410,,,,160000,0.0,,316
,,389,500.0,410,,,,160000,0.0,,320
0.2157813310623169,8334,388,500.0,437,-26.597423553466797,0.08366592973470688,-47.64971923828125,170000,0.0,0.0003,324
,,388,500.0,437,,,,170000,0.0,,328
,,388,500.0,437,,,,170000,0.0,,332
,,388,500.0,437,,,,170000,0.0,,336
,,388,500.0,437,,,,170000,0.0,,340
0.19515109062194824,8834,387,500.0,464,-27.843639373779297,0.07245709747076035,-47.39667510986328,180000,0.0,0.0003,344
,,387,500.0,464,,,,180000,0.0,,348
,,387,500.0,464,,,,180000,0.0,,352
,,387,500.0,464,,,,180000,0.0,,356
,,387,500.0,464,,,,180000,0.0,,360
0.12116539478302002,9334,386,500.0,490,-27.922958374023438,0.06278092414140701,-46.260101318359375,190000,0.0,0.0003,364
,,386,500.0,490,,,,190000,0.0,,368
,,386,500.0,490,,,,190000,0.0,,372
,,386,500.0,490,,,,190000,0.0,,376
,,386,500.0,491,,,,190000,0.0,,380
5.459412574768066,9834,385,500.0,518,-27.69385528564453,0.05465934798121452,-45.546844482421875,200000,0.0,0.0003,384
,,385,500.0,518,,,,200000,0.0,,388
,,385,500.0,518,,,,200000,0.0,,392
,,385,500.0,518,,,,200000,0.0,,396
,,385,500.0,518,,,,200000,0.0,,400
0.15862783789634705,10334,385,500.0,545,-27.770221710205078,0.04761473089456558,-43.995662689208984,210000,0.0,0.0003,404
,,385,500.0,545,,,,210000,0.0,,408
,,385,500.0,545,,,,210000,0.0,,412
,,385,500.0,545,,,,210000,0.0,,416
,,385,500.0,545,,,,210000,0.0,,420
0.22739998996257782,10834,384,500.0,571,-28.048858642578125,0.041487954556941986,-43.768524169921875,220000,0.0,0.0003,424
,,384,500.0,571,,,,220000,0.0,,428
,,384,500.0,571,,,,220000,0.0,,432
,,384,500.0,571,,,,220000,0.0,,436
,,384,500.0,571,,,,220000,0.0,,440
0.18820354342460632,11334,383,500.0,600,-24.75409698486328,0.036230724304914474,-42.163726806640625,230000,0.0,0.0003,444
,,383,500.0,600,,,,230000,0.0,,448
,,383,500.0,600,,,,230000,0.0,,452
,,383,500.0,600,,,,230000,0.0,,456
,,383,500.0,600,,,,230000,0.0,,460
0.16526509821414948,11834,382,500.0,626,-28.264808654785156,0.03167303651571274,-41.560943603515625,240000,0.0,0.0003,464
,,382,500.0,626,,,,240000,0.0,,468
,,382,500.0,626,,,,240000,0.0,,472
,,382,500.0,626,,,,240000,0.0,,476
,,382,500.0,626,,,,240000,0.0,,480
0.23563270270824432,12334,382,500.0,653,-26.492725372314453,0.027665358036756516,-40.132198333740234,250000,3.55,0.0003,484
,,382,500.0,653,,,,250000,3.55,,488
,,382,500.0,653,,,,250000,3.55,,492
,,382,500.0,653,,,,250000,3.55,,496
,,382,500.0,653,,,,250000,3.55,,500
0.1717824935913086,12834,382,500.0,680,-18.708194732666016,0.02431459352374077,-38.12813949584961,260000,3.55,0.0003,504
,,382,500.0,680,,,,260000,3.55,,508
,,382,500.0,680,,,,260000,3.55,,512
,,382,500.0,680,,,,260000,3.55,,516
,,382,500.0,680,,,,260000,3.55,,520
0.11876361072063446,13334,381,500.0,707,-21.617328643798828,0.02142745442688465,-36.71857452392578,270000,3.55,0.0003,524
,,381,500.0,707,,,,270000,3.55,,528
,,381,500.0,707,,,,270000,3.55,,532
,,381,500.0,707,,,,270000,3.55,,536
,,381,500.0,707,,,,270000,3.55,,540
0.14922189712524414,13834,381,500.0,733,-19.556270599365234,0.018850937485694885,-37.196533203125,280000,4.53,0.0003,544
,,381,500.0,733,,,,280000,4.53,,548
,,381,500.0,733,,,,280000,4.53,,552
,,381,500.0,733,,,,280000,4.53,,556
,,381,500.0,733,,,,280000,4.53,,560
9.691999435424805,14334,381,500.0,759,-20.568695068359375,0.016707884147763252,-36.16843032836914,290000,4.53,0.0003,564
,,381,500.0,759,,,,290000,4.53,,568
,,381,500.0,759,,,,290000,4.53,,572
,,381,500.0,759,,,,290000,4.53,,576
,,381,500.0,759,,,,290000,4.53,,580
0.15370996296405792,14834,381,500.0,786,-14.920381546020508,0.014703500084578991,-34.44831085205078,300000,0.98,0.0003,584
,,381,500.0,786,,,,300000,0.98,,588
,,381,500.0,786,,,,300000,0.98,,592
,,381,500.0,786,,,,300000,0.98,,596
,,381,500.0,786,,,,300000,0.98,,600
0.09471012651920319,15334,381,500.0,813,-19.516361236572266,0.013025832362473011,-34.91644287109375,310000,0.98,0.0003,604
,,381,500.0,813,,,,310000,0.98,,608
,,381,500.0,813,,,,310000,0.98,,612
,,381,500.0,813,,,,310000,0.98,,616
,,381,500.0,813,,,,310000,0.98,,620
0.13357916474342346,15834,380,500.0,841,-12.465023040771484,0.01158170960843563,-32.80900573730469,320000,0.98,0.0003,624
,,380,500.0,841,,,,320000,0.98,,628
,,380,500.0,841,,,,320000,0.98,,632
,,380,500.0,841,,,,320000,0.98,,636
,,380,500.0,841,,,,320000,0.98,,640
0.07030059397220612,16334,380,500.0,868,-12.465611457824707,0.010337358340620995,-33.02769470214844,330000,0.0,0.0003,644
,,380,500.0,868,,,,330000,0.0,,648
,,380,500.0,868,,,,330000,0.0,,652
,,380,500.0,868,,,,330000,0.0,,656
,,380,500.0,868,,,,330000,0.0,,660
0.07965561747550964,16834,379,500.0,894,-15.892619132995605,0.009221145883202553,-31.617565155029297,340000,0.0,0.0003,664
,,379,500.0,894,,,,340000,0.0,,668
,,379,500.0,894,,,,340000,0.0,,672
,,379,500.0,894,,,,340000,0.0,,676
,,379,500.0,894,,,,340000,0.0,,680
0.09292683005332947,17334,380,500.0,920,-16.25246810913086,0.00825487170368433,-31.774341583251953,350000,0.0,0.0003,684
,,380,500.0,920,,,,350000,0.0,,688
,,380,500.0,920,,,,350000,0.0,,692
,,380,500.0,920,,,,350000,0.0,,696
,,380,500.0,920,,,,350000,0.0,,700
0.10809050500392914,17834,379,500.0,947,-10.604970932006836,0.007488724775612354,-30.253902435302734,360000,0.0,0.0003,704
,,379,500.0,947,,,,360000,0.0,,708
,,379,500.0,947,,,,360000,0.0,,712
,,379,500.0,947,,,,360000,0.0,,716
,,379,500.0,947,,,,360000,0.0,,720
2.3332033157348633,18334,380,500.0,973,-9.659931182861328,0.0068192253820598125,-29.621150970458984,370000,0.0,0.0003,724
,,380,500.0,973,,,,370000,0.0,,728
,,380,500.0,973,,,,370000,0.0,,732
,,380,500.0,973,,,,370000,0.0,,736
,,380,500.0,973,,,,370000,0.0,,740
0.08614464849233627,18834,379,500.0,1000,1.7468831539154053,0.006489341147243977,-29.784677505493164,380000,0.0,0.0003,744
,,379,500.0,1000,,,,380000,0.0,,748
,,379,500.0,1000,,,,380000,0.0,,752
,,379,500.0,1000,,,,380000,0.0,,756
,,379,500.0,1000,,,,380000,0.0,,760
0.07643388211727142,19334,378,500.0,1029,-1.4346723556518555,0.0062070805579423904,-28.37552833557129,390000,0.0,0.0003,764
,,378,500.0,1029,,,,390000,0.0,,768
,,378,500.0,1029,,,,390000,0.0,,772
,,378,500.0,1029,,,,390000,0.0,,776
,,378,500.0,1029,,,,390000,0.0,,780
0.17031510174274445,19834,378,500.0,1056,-2.2014832496643066,0.005869077984243631,-27.048004150390625,400000,0.0,0.0003,784
,,378,500.0,1056,,,,400000,0.0,,788
,,378,500.0,1056,,,,400000,0.0,,792
,,378,500.0,1056,,,,400000,0.0,,796
,,378,500.0,1056,,,,400000,0.0,,800
6.477655410766602,20334,378,500.0,1083,-4.51277494430542,0.005856955889612436,-26.810352325439453,410000,0.0,0.0003,804
,,378,500.0,1083,,,,410000,0.0,,808
,,378,500.0,1083,,,,410000,0.0,,812
,,378,500.0,1083,,,,410000,0.0,,816
,,378,500.0,1083,,,,410000,0.0,,820
0.08816269785165787,20834,378,500.0,1110,9.345720291137695,0.00574229471385479,-26.518529891967773,420000,0.0,0.0003,824
,,378,500.0,1110,,,,420000,0.0,,828
,,378,500.0,1110,,,,420000,0.0,,832
,,378,500.0,1110,,,,420000,0.0,,836
,,378,500.0,1110,,,,420000,0.0,,840
0.09151206910610199,21334,378,500.0,1137,-5.297301292419434,0.00564519502222538,-26.477161407470703,430000,0.0,0.0003,844
,,378,500.0,1137,,,,430000,0.0,,848
,,378,500.0,1137,,,,430000,0.0,,852
,,378,500.0,1137,,,,430000,0.0,,856
,,378,500.0,1137,,,,430000,0.0,,860
1.6456339359283447,21834,378,500.0,1164,5.323343276977539,0.005631510633975267,-25.008865356445312,440000,0.0,0.0003,864
,,377,500.0,1164,,,,440000,0.0,,868
,,377,500.0,1164,,,,440000,0.0,,872
,,377,500.0,1164,,,,440000,0.0,,876
,,377,500.0,1164,,,,440000,0.0,,880
0.057097647339105606,22334,377,500.0,1190,-1.8731894493103027,0.005505803972482681,-25.037811279296875,450000,0.0,0.0003,884
,,377,500.0,1190,,,,450000,0.0,,888
,,377,500.0,1190,,,,450000,0.0,,892
,,377,500.0,1190,,,,450000,0.0,,896
,,377,500.0,1190,,,,450000,0.0,,900
2.9366002082824707,22834,377,500.0,1217,2.4101831912994385,0.005658586975187063,-24.57599449157715,460000,0.0,0.0003,904
,,377,500.0,1217,,,,460000,0.0,,908
,,377,500.0,1217,,,,460000,0.0,,912
,,377,500.0,1217,,,,460000,0.0,,916
,,377,500.0,1217,,,,460000,0.0,,920
0.0584881529211998,23334,377,500.0,1243,-9.083540916442871,0.005296367220580578,-24.801345825195312,470000,0.0,0.0003,924
,,377,500.0,1243,,,,470000,0.0,,928
,,377,500.0,1243,,,,470000,0.0,,932
,,377,500.0,1243,,,,470000,0.0,,936
,,377,500.0,1243,,,,470000,0.0,,940
5.21327543258667,23834,377,500.0,1270,-3.871229887008667,0.004907154943794012,-23.640199661254883,480000,2.76,0.0003,944
,,377,500.0,1270,,,,480000,2.76,,948
,,377,500.0,1270,,,,480000,2.76,,952
,,377,500.0,1270,,,,480000,2.76,,956
,,377,500.0,1270,,,,480000,2.76,,960
6.896951675415039,24334,377,500.0,1296,8.158312797546387,0.004612327553331852,-22.00137710571289,490000,2.76,0.0003,964
,,377,500.0,1296,,,,490000,2.76,,968
,,377,500.0,1296,,,,490000,2.76,,972
,,377,500.0,1296,,,,490000,2.76,,976
,,377,500.0,1296,,,,490000,2.76,,980
3.3904638290405273,24834,377,500.0,1323,11.62033748626709,0.004483174066990614,-21.516054153442383,500000,2.76,0.0003,984
,,377,500.0,1323,,,,500000,2.76,,988
,,377,500.0,1323,,,,500000,2.76,,992
,,377,500.0,1323,,,,500000,2.76,,996
,,377,500.0,1323,,,,500000,2.76,,1000
0.05948907136917114,25334,377,500.0,1351,-3.409855842590332,0.004306659568101168,-21.817659378051758,510000,2.76,0.0003,1004
,,377,500.0,1351,,,,510000,2.76,,1008
,,377,500.0,1351,,,,510000,2.76,,1012
,,377,500.0,1351,,,,510000,2.76,,1016
,,377,500.0,1351,,,,510000,2.76,,1020
4.365145206451416,25834,377,500.0,1378,-3.9804513454437256,0.004040790721774101,-21.97675895690918,520000,2.76,0.0003,1024
,,377,500.0,1378,,,,520000,2.76,,1028
,,377,500.0,1378,,,,520000,2.76,,1032
,,377,500.0,1378,,,,520000,2.76,,1036
,,377,500.0,1378,,,,520000,2.76,,1040
0.04870588332414627,26334,377,500.0,1405,-2.2517223358154297,0.0039156898856163025,-20.3034725189209,530000,0.0,0.0003,1044
,,377,500.0,1405,,,,530000,0.0,,1048
,,377,500.0,1405,,,,530000,0.0,,1052
,,377,500.0,1405,,,,530000,0.0,,1056
,,377,500.0,1405,,,,530000,0.0,,1060
4.217705726623535,26834,376,500.0,1432,-11.807065963745117,0.0036856033839285374,-20.47098159790039,540000,2.79,0.0003,1064
,,376,500.0,1432,,,,540000,2.79,,1068
,,376,500.0,1432,,,,540000,2.79,,1072
,,376,500.0,1432,,,,540000,2.79,,1076
,,376,500.0,1432,,,,540000,2.79,,1080
0.05530470609664917,27334,376,500.0,1460,1.0910441875457764,0.0035854398738592863,-19.898265838623047,550000,2.79,0.0003,1084
,,376,500.0,1460,,,,550000,2.79,,1088
,,376,500.0,1460,,,,550000,2.79,,1092
,,376,500.0,1460,,,,550000,2.79,,1096
,,376,500.0,1460,,,,550000,2.79,,1100
0.0422758087515831,27834,376,500.0,1487,-0.8730509877204895,0.0037087788805365562,-20.0411376953125,560000,2.79,0.0003,1104
,,376,500.0,1487,,,,560000,2.79,,1108
,,376,500.0,1487,,,,560000,2.79,,1112
,,376,500.0,1487,,,,560000,2.79,,1116
,,376,500.0,1487,,,,560000,2.79,,1120
0.04289386421442032,28334,376,500.0,1515,0.3450455665588379,0.003697754582390189,-18.31365203857422,570000,3.52,0.0003,1124
,,376,500.0,1515,,,,570000,3.52,,1128
,,376,500.0,1515,,,,570000,3.52,,1132
,,376,500.0,1515,,,,570000,3.52,,1136
,,376,500.0,1515,,,,570000,3.52,,1140
0.03336993604898453,28834,375,500.0,1543,-0.9407975673675537,0.00352111947722733,-18.426061630249023,580000,4.16,0.0003,1144
,,375,500.0,1543,,,,580000,4.16,,1148
,,375,500.0,1543,,,,580000,4.16,,1152
,,375,500.0,1543,,,,580000,4.16,,1156
,,375,500.0,1543,,,,580000,4.16,,1160
0.03787202388048172,29334,375,500.0,1571,-7.404399871826172,0.0034626321867108345,-18.27349090576172,590000,1.37,0.0003,1164
,,375,500.0,1571,,,,590000,1.37,,1168
,,375,500.0,1571,,,,590000,1.37,,1172
,,375,500.0,1571,,,,590000,1.37,,1176
,,375,500.0,1571,,,,590000,1.37,,1180
0.039225053042173386,29834,375,500.0,1598,-1.8894116878509521,0.0033026679884642363,-17.64632797241211,600000,1.37,0.0003,1184
,,375,500.0,1598,,,,600000,1.37,,1188
,,375,500.0,1598,,,,600000,1.37,,1192
,,375,500.0,1598,,,,600000,1.37,,1196
,,375,500.0,1598,,,,600000,1.37,,1200
0.06326140463352203,30334,375,500.0,1626,-4.190650463104248,0.0034551213029772043,-17.26900291442871,610000,1.37,0.0003,1204
,,375,500.0,1626,,,,610000,1.37,,1208
,,375,500.0,1626,,,,610000,1.37,,1212
,,375,500.0,1626,,,,610000,1.37,,1216
,,375,500.0,1626,,,,610000,1.37,,1220
1.791727066040039,30834,375,500.0,1653,-1.7924954891204834,0.0033885082229971886,-16.946491241455078,620000,0.64,0.0003,1224
,,375,500.0,1653,,,,620000,0.64,,1228
,,375,500.0,1653,,,,620000,0.64,,1232
,,375,500.0,1653,,,,620000,0.64,,1236
,,375,500.0,1653,,,,620000,0.64,,1240
0.04567185789346695,31334,374,500.0,1680,-2.362464189529419,0.003275694791227579,-16.78844451904297,630000,0.0,0.0003,1244
,,374,500.0,1680,,,,630000,0.0,,1248
,,374,500.0,1680,,,,630000,0.0,,1252
,,374,500.0,1680,,,,630000,0.0,,1256
,,374,500.0,1680,,,,630000,0.0,,1260
0.031613171100616455,31834,374,500.0,1706,1.4038773775100708,0.003194712335243821,-16.000831604003906,640000,0.0,0.0003,1264
,,374,500.0,1706,,,,640000,0.0,,1268
,,374,500.0,1706,,,,640000,0.0,,1272
,,374,500.0,1706,,,,640000,0.0,,1276
,,374,500.0,1706,,,,640000,0.0,,1280
0.04466985911130905,32334,375,500.0,1731,-1.3101850748062134,0.0030343469697982073,-16.18553924560547,650000,0.0,0.0003,1284
,,375,500.0,1731,,,,650000,0.0,,1288
,,375,500.0,1731,,,,650000,0.0,,1292
,,375,500.0,1731,,,,650000,0.0,,1296
,,375,500.0,1731,,,,650000,0.0,,1300
0.02845611795783043,32834,376,500.0,1754,4.169410228729248,0.003053179709240794,-15.207710266113281,660000,0.0,0.0003,1304
,,376,500.0,1754,,,,660000,0.0,,1308
,,376,500.0,1754,,,,660000,0.0,,1312
,,376,500.0,1754,,,,660000,0.0,,1316
,,376,500.0,1754,,,,660000,0.0,,1320
0.02881011739373207,33334,375,500.0,1782,-11.841842651367188,0.0030994436237961054,-15.820466995239258,670000,0.0,0.0003,1324
,,375,500.0,1782,,,,670000,0.0,,1328
,,375,500.0,1782,,,,670000,0.0,,1332
,,375,500.0,1782,,,,670000,0.0,,1336
,,375,500.0,1782,,,,670000,0.0,,1340
0.527470588684082,33834,376,500.0,1808,6.572701454162598,0.0031059756875038147,-14.974295616149902,680000,0.0,0.0003,1344
,,376,500.0,1808,,,,680000,0.0,,1348
,,376,500.0,1808,,,,680000,0.0,,1352
,,376,500.0,1808,,,,680000,0.0,,1356
,,376,500.0,1808,,,,680000,0.0,,1360
0.02950046956539154,34334,376,500.0,1834,-3.558901786804199,0.0030228502582758665,-14.209665298461914,690000,0.0,0.0003,1364
,,376,500.0,1834,,,,690000,0.0,,1368
,,376,500.0,1834,,,,690000,0.0,,1372
,,376,500.0,1834,,,,690000,0.0,,1376
,,376,500.0,1834,,,,690000,0.0,,1380
0.06465964764356613,34834,375,500.0,1861,-7.003220558166504,0.0027347381692379713,-14.584207534790039,700000,0.0,0.0003,1384
,,375,500.0,1861,,,,700000,0.0,,1388
,,375,500.0,1861,,,,700000,0.0,,1392
,,375,500.0,1861,,,,700000,0.0,,1396
,,375,500.0,1861,,,,700000,0.0,,1400
0.01739378087222576,35334,375,500.0,1889,-3.415864944458008,0.0025594686158001423,-13.952156066894531,710000,0.0,0.0003,1404
,,375,500.0,1889,,,,710000,0.0,,1408
,,375,500.0,1889,,,,710000,0.0,,1412
,,375,500.0,1889,,,,710000,0.0,,1416
,,375,500.0,1889,,,,710000,0.0,,1420
0.022934161126613617,35834,375,500.0,1916,-11.751819610595703,0.002592742443084717,-13.940210342407227,720000,0.0,0.0003,1424
,,375,500.0,1916,,,,720000,0.0,,1428
,,375,500.0,1916,,,,720000,0.0,,1432
,,375,500.0,1916,,,,720000,0.0,,1436
,,375,500.0,1916,,,,720000,0.0,,1440
0.042193204164505005,36334,375,500.0,1941,1.4289066791534424,0.0025711627677083015,-12.847738265991211,730000,0.0,0.0003,1444
,,375,500.0,1941,,,,730000,0.0,,1448
,,375,500.0,1941,,,,730000,0.0,,1452
,,375,500.0,1941,,,,730000,0.0,,1456
,,375,500.0,1941,,,,730000,0.0,,1460
0.3419463634490967,36834,376,500.0,1967,2.2495532035827637,0.0025496799498796463,-13.008779525756836,740000,0.0,0.0003,1464
,,376,500.0,1967,,,,740000,0.0,,1468
,,376,500.0,1967,,,,740000,0.0,,1472
,,376,500.0,1967,,,,740000,0.0,,1476
,,376,500.0,1967,,,,740000,0.0,,1480
0.014655542559921741,37334,376,500.0,1991,-8.90062141418457,0.002584215020760894,-12.598876953125,750000,0.0,0.0003,1484
,,376,500.0,1992,,,,750000,0.0,,1488
,,376,500.0,1992,,,,750000,0.0,,1492
,,376,500.0,1992,,,,750000,0.0,,1496
,,376,500.0,1992,,,,750000,0.0,,1500
0.021456757560372353,37834,377,500.0,2014,4.254883766174316,0.002429140266031027,-12.39582633972168,760000,0.0,0.0003,1504
,,377,500.0,2014,,,,760000,0.0,,1508
,,377,500.0,2014,,,,760000,0.0,,1512
,,377,500.0,2014,,,,760000,0.0,,1516
,,377,500.0,2014,,,,760000,0.0,,1520
0.01916816458106041,38334,377,500.0,2037,-5.364011287689209,0.0023643497843295336,-12.656648635864258,770000,0.0,0.0003,1524
,,377,500.0,2037,,,,770000,0.0,,1528
,,377,500.0,2037,,,,770000,0.0,,1532
,,377,500.0,2037,,,,770000,0.0,,1536
,,377,500.0,2037,,,,770000,0.0,,1540
0.4133094549179077,38834,378,500.0,2059,-1.9914546012878418,0.0024004164151847363,-12.004460334777832,780000,0.0,0.0003,1544
,,378,500.0,2059,,,,780000,0.0,,1548
,,378,500.0,2059,,,,780000,0.0,,1552
,,378,500.0,2059,,,,780000,0.0,,1556
,,378,500.0,2059,,,,780000,0.0,,1560
0.013609996065497398,39334,379,500.0,2080,-0.013463258743286133,0.002503913128748536,-11.717897415161133,790000,0.0,0.0003,1564
,,379,500.0,2080,,,,790000,0.0,,1568
,,379,500.0,2080,,,,790000,0.0,,1572
,,379,500.0,2080,,,,790000,0.0,,1576
,,379,500.0,2080,,,,790000,0.0,,1580
0.01994195580482483,39834,380,500.0,2104,0.9819658994674683,0.0024488132912665606,-10.77489948272705,800000,0.29,0.0003,1584
,,380,500.0,2104,,,,800000,0.29,,1588
,,380,500.0,2104,,,,800000,0.29,,1592
,,380,500.0,2104,,,,800000,0.29,,1596
,,380,500.0,2104,,,,800000,0.29,,1600
0.012094151228666306,40334,380,500.0,2129,-2.2386221885681152,0.0023250416852533817,-11.19427490234375,810000,0.29,0.0003,1604
,,380,500.0,2129,,,,810000,0.29,,1608
,,380,500.0,2129,,,,810000,0.29,,1612
,,380,500.0,2129,,,,810000,0.29,,1616
,,380,500.0,2129,,,,810000,0.29,,1620
0.04028186574578285,40834,380,500.0,2154,9.900995254516602,0.0023166388273239136,-10.831645965576172,820000,0.29,0.0003,1624
,,380,500.0,2154,,,,820000,0.29,,1628
,,380,500.0,2154,,,,820000,0.29,,1632
,,380,500.0,2154,,,,820000,0.29,,1636
,,380,500.0,2154,,,,820000,0.29,,1640
0.01714479923248291,41334,380,500.0,2179,3.0914828777313232,0.002298594219610095,-11.019303321838379,830000,0.29,0.0003,1644
,,380,500.0,2179,,,,830000,0.29,,1648
,,380,500.0,2179,,,,830000,0.29,,1652
,,380,500.0,2179,,,,830000,0.29,,1656
,,380,500.0,2179,,,,830000,0.29,,1660
0.040608882904052734,41834,381,500.0,2204,-1.990147590637207,0.002290733391419053,-10.606405258178711,840000,0.29,0.0003,1664
,,381,500.0,2204,,,,840000,0.29,,1668
,,381,500.0,2204,,,,840000,0.29,,1672
,,381,500.0,2204,,,,840000,0.29,,1676
,,381,500.0,2204,,,,840000,0.29,,1680
0.022265518084168434,42334,382,500.0,2224,-7.792825222015381,0.0022164154797792435,-10.642502784729004,850000,0.0,0.0003,1684
,,382,500.0,2224,,,,850000,0.0,,1688
,,382,500.0,2224,,,,850000,0.0,,1692
,,382,500.0,2224,,,,850000,0.0,,1696
,,382,500.0,2224,,,,850000,0.0,,1700
0.01645856723189354,42834,382,500.0,2246,-0.30443739891052246,0.002293437486514449,-10.176095962524414,860000,0.0,0.0003,1704
,,382,500.0,2246,,,,860000,0.0,,1708
,,382,500.0,2246,,,,860000,0.0,,1712
,,382,500.0,2246,,,,860000,0.0,,1716
,,382,500.0,2246,,,,860000,0.0,,1720
0.013078545220196247,43334,383,500.0,2268,-7.557492733001709,0.002408051397651434,-10.190659523010254,870000,0.24,0.0003,1724
,,383,500.0,2268,,,,870000,0.24,,1728
,,383,500.0,2268,,,,870000,0.24,,1732
,,383,500.0,2268,,,,870000,0.24,,1736
,,383,500.0,2268,,,,870000,0.24,,1740
0.01645628921687603,43834,384,500.0,2291,6.3409624099731445,0.002399443881586194,-9.861725807189941,880000,0.24,0.0003,1744
,,384,500.0,2291,,,,880000,0.24,,1748
,,384,500.0,2291,,,,880000,0.24,,1752
,,384,500.0,2291,,,,880000,0.24,,1756
,,384,500.0,2291,,,,880000,0.24,,1760
0.01755569875240326,44334,384,500.0,2314,-1.0606489181518555,0.0023214768152683973,-9.472311019897461,890000,0.24,0.0003,1764
,,384,500.0,2314,,,,890000,0.24,,1768
,,384,500.0,2314,,,,890000,0.24,,1772
,,384,500.0,2314,,,,890000,0.24,,1776
,,384,500.0,2314,,,,890000,0.24,,1780
0.8095966577529907,44834,385,500.0,2335,-2.123173236846924,0.0021865263115614653,-9.521028518676758,900000,0.24,0.0003,1784
,,385,500.0,2335,,,,900000,0.24,,1788
,,385,500.0,2335,,,,900000,0.24,,1792
,,385,500.0,2335,,,,900000,0.24,,1796
,,385,500.0,2335,,,,900000,0.24,,1800
0.012572734616696835,45334,385,500.0,2360,6.56538724899292,0.002117162337526679,-8.690340042114258,910000,0.24,0.0003,1804
,,385,500.0,2360,,,,910000,0.24,,1808
,,385,500.0,2360,,,,910000,0.24,,1812
,,385,500.0,2360,,,,910000,0.24,,1816
,,385,500.0,2360,,,,910000,0.24,,1820
0.015602096915245056,45834,386,500.0,2382,3.358365297317505,0.0020358182955533266,-9.183006286621094,920000,0.0,0.0003,1824
,,386,500.0,2382,,,,920000,0.0,,1828
,,386,500.0,2383,,,,920000,0.0,,1832
,,386,500.0,2383,,,,920000,0.0,,1836
,,386,500.0,2383,,,,920000,0.0,,1840
1.618875503540039,46334,386,500.0,2403,1.9755507707595825,0.0020805546082556248,-9.02158260345459,930000,0.0,0.0003,1844
,,386,500.0,2403,,,,930000,0.0,,1848
,,386,500.0,2403,,,,930000,0.0,,1852
,,386,500.0,2403,,,,930000,0.0,,1856
,,386,500.0,2403,,,,930000,0.0,,1860
0.668919563293457,46834,387,500.0,2427,-4.028440475463867,0.0020699494052678347,-8.986505508422852,940000,0.0,0.0003,1864
,,387,500.0,2427,,,,940000,0.0,,1868
,,387,500.0,2427,,,,940000,0.0,,1872
,,387,500.0,2427,,,,940000,0.0,,1876
,,387,500.0,2427,,,,940000,0.0,,1880
0.020019683986902237,47334,387,500.0,2450,-0.829536497592926,0.0020793515723198652,-8.599882125854492,950000,0.0,0.0003,1884
,,387,500.0,2450,,,,950000,0.0,,1888
,,387,500.0,2450,,,,950000,0.0,,1892
,,387,500.0,2450,,,,950000,0.0,,1896
,,387,500.0,2450,,,,950000,0.0,,1900
0.010708288289606571,47834,388,500.0,2473,5.002680778503418,0.0020661144517362118,-8.463203430175781,960000,0.0,0.0003,1904
,,388,500.0,2473,,,,960000,0.0,,1908
,,388,500.0,2473,,,,960000,0.0,,1912
,,388,500.0,2473,,,,960000,0.0,,1916
,,388,500.0,2473,,,,960000,0.0,,1920
0.014368153177201748,48334,388,500.0,2496,-5.010317802429199,0.0020173368975520134,-8.403055191040039,970000,0.0,0.0003,1924
,,388,500.0,2496,,,,970000,0.0,,1928
,,388,500.0,2496,,,,970000,0.0,,1932
,,388,500.0,2496,,,,970000,0.0,,1936
,,388,500.0,2496,,,,970000,0.0,,1940
0.011156635358929634,48834,388,500.0,2521,-3.643143653869629,0.0019845757633447647,-8.300683975219727,980000,0.0,0.0003,1944
,,388,500.0,2521,,,,980000,0.0,,1948
,,388,500.0,2521,,,,980000,0.0,,1952
,,388,500.0,2521,,,,980000,0.0,,1956
,,388,500.0,2521,,,,980000,0.0,,1960
0.010081755928695202,49334,389,500.0,2542,-1.9632112979888916,0.0019814041443169117,-8.096309661865234,990000,0.0,0.0003,1964
,,389,500.0,2542,,,,990000,0.0,,1968
,,389,500.0,2542,,,,990000,0.0,,1972
,,389,500.0,2542,,,,990000,0.0,,1976
,,389,500.0,2542,,,,990000,0.0,,1980
0.0074717942625284195,49834,389,500.0,2564,0.16661477088928223,0.002016959013417363,-7.816439628601074,1000000,0.0,0.0003,1984
,,389,500.0,2564,,,,1000000,0.0,,1988
,,389,500.0,2564,,,,1000000,0.0,,1992
,,389,500.0,2564,,,,1000000,0.0,,1996
,,389,500.0,2564,,,,1000000,0.0,,2000
0.018995750695466995,50334,390,500.0,2586,6.787742614746094,0.0020649158395826817,-7.798943042755127,1010000,0.0,0.0003,2004
,,390,500.0,2586,,,,1010000,0.0,,2008
,,390,500.0,2586,,,,1010000,0.0,,2012
,,390,500.0,2586,,,,1010000,0.0,,2016
,,390,500.0,2586,,,,1010000,0.0,,2020
0.01181589625775814,50834,391,500.0,2608,-0.8984136581420898,0.0019944990053772926,-7.603250503540039,1020000,2.59,0.0003,2024
,,391,500.0,2608,,,,1020000,2.59,,2028
,,391,500.0,2608,,,,1020000,2.59,,2032
,,391,500.0,2608,,,,1020000,2.59,,2036
,,391,500.0,2608,,,,1020000,2.59,,2040
0.007864698767662048,51334,391,500.0,2631,8.652780532836914,0.0020706800278276205,-7.405385971069336,1030000,2.59,0.0003,2044
,,391,500.0,2631,,,,1030000,2.59,,2048
,,391,500.0,2631,,,,1030000,2.59,,2052
,,391,500.0,2631,,,,1030000,2.59,,2056
,,391,500.0,2631,,,,1030000,2.59,,2060
0.566182017326355,51834,391,500.0,2655,-5.205087184906006,0.002055870136246085,-7.174921035766602,1040000,2.59,0.0003,2064
,,391,500.0,2655,,,,1040000,2.59,,2068
,,391,500.0,2655,,,,1040000,2.59,,2072
,,391,500.0,2655,,,,1040000,2.59,,2076
,,391,500.0,2655,,,,1040000,2.59,,2080
0.008115652948617935,52334,392,500.0,2677,-0.20826345682144165,0.0019324803724884987,-6.903927803039551,1050000,2.59,0.0003,2084
,,392,500.0,2677,,,,1050000,2.59,,2088
,,392,500.0,2677,,,,1050000,2.59,,2092
,,392,500.0,2677,,,,1050000,2.59,,2096
,,392,500.0,2677,,,,1050000,2.59,,2100
0.16652587056159973,52834,392,500.0,2700,-5.061341285705566,0.0019939113408327103,-6.7194504737854,1060000,4.37,0.0003,2104
,,392,500.0,2700,,,,1060000,4.37,,2108
,,392,500.0,2700,,,,1060000,4.37,,2112
,,392,500.0,2700,,,,1060000,4.37,,2116
,,392,500.0,2700,,,,1060000,4.37,,2120
1.1595731973648071,53334,392,500.0,2723,-6.861020088195801,0.0019351803930476308,-6.83882474899292,1070000,2.01,0.0003,2124
,,392,500.0,2723,,,,1070000,2.01,,2128
,,392,500.0,2723,,,,1070000,2.01,,2132
,,392,500.0,2723,,,,1070000,2.01,,2136
,,392,500.0,2723,,,,1070000,2.01,,2140
0.015378519892692566,53834,393,500.0,2747,1.7834546566009521,0.0019619057420641184,-6.651686191558838,1080000,2.01,0.0003,2144
,,393,500.0,2747,,,,1080000,2.01,,2148
,,393,500.0,2747,,,,1080000,2.01,,2152
,,393,500.0,2747,,,,1080000,2.01,,2156
,,393,500.0,2747,,,,1080000,2.01,,2160
0.012239871546626091,54334,393,500.0,2769,2.6201698780059814,0.0019102860242128372,-6.86860466003418,1090000,2.41,0.0003,2164
,,393,500.0,2769,,,,1090000,2.41,,2168
,,393,500.0,2769,,,,1090000,2.41,,2172
,,393,500.0,2769,,,,1090000,2.41,,2176
,,393,500.0,2769,,,,1090000,2.41,,2180
0.00744825042784214,54834,393,500.0,2793,-2.694988489151001,0.0018899498973041773,-6.328879356384277,1100000,2.41,0.0003,2184
,,393,500.0,2793,,,,1100000,2.41,,2188
,,393,500.0,2793,,,,1100000,2.41,,2192
,,393,500.0,2793,,,,1100000,2.41,,2196
,,393,500.0,2793,,,,1100000,2.41,,2200
0.45722514390945435,55334,391,500.0,2834,-1.0932502746582031,0.0017485973658040166,-6.457188129425049,1110000,0.63,0.0003,2204
,,391,500.0,2834,,,,1110000,0.63,,2208
,,391,500.0,2834,,,,1110000,0.63,,2212
,,391,500.0,2834,,,,1110000,0.63,,2216
,,391,500.0,2834,,,,1110000,0.63,,2220
0.009541265666484833,55834,388,500.0,2880,-0.7198014259338379,0.0017109002219513059,-6.741313934326172,1120000,0.4,0.0003,2224
,,388,500.0,2880,,,,1120000,0.4,,2228
,,388,500.0,2880,,,,1120000,0.4,,2232
,,388,500.0,2880,,,,1120000,0.4,,2236
,,388,500.0,2880,,,,1120000,0.4,,2240
0.008591512218117714,56334,389,500.0,2903,6.691248893737793,0.0017344016814604402,-5.823754787445068,1130000,0.4,0.0003,2244
,,389,500.0,2903,,,,1130000,0.4,,2248
,,389,500.0,2903,,,,1130000,0.4,,2252
,,389,500.0,2903,,,,1130000,0.4,,2256
,,389,500.0,2903,,,,1130000,0.4,,2260
0.007177312858402729,56834,389,500.0,2927,-2.5427472591400146,0.0016823522746562958,-6.096803665161133,1140000,0.0,0.0003,2264
,,389,500.0,2927,,,,1140000,0.0,,2268
,,389,500.0,2927,,,,1140000,0.0,,2272
,,389,500.0,2927,,,,1140000,0.0,,2276
,,389,500.0,2927,,,,1140000,0.0,,2280
0.0539044514298439,57334,367,500.0,3130,1.3509361743927002,0.0017325839726254344,-6.545835494995117,1150000,0.86,0.0003,2284
,,367,500.0,3130,,,,1150000,0.86,,2288
,,367,500.0,3130,,,,1150000,0.86,,2292
,,367,500.0,3130,,,,1150000,0.86,,2296
,,367,500.0,3130,,,,1150000,0.86,,2300
